-- MariaDB dump 10.18  Distrib 10.4.17-MariaDB, for Win64 (AMD64)
--
-- Host: localhost    Database: curycue
-- ------------------------------------------------------
-- Server version	10.4.17-MariaDB

/*!40101 SET @OLD_CHARACTER_SET_CLIENT=@@CHARACTER_SET_CLIENT */;
/*!40101 SET @OLD_CHARACTER_SET_RESULTS=@@CHARACTER_SET_RESULTS */;
/*!40101 SET @OLD_COLLATION_CONNECTION=@@COLLATION_CONNECTION */;
/*!40101 SET NAMES utf8mb4 */;
/*!40103 SET @OLD_TIME_ZONE=@@TIME_ZONE */;
/*!40103 SET TIME_ZONE='+00:00' */;
/*!40014 SET @OLD_UNIQUE_CHECKS=@@UNIQUE_CHECKS, UNIQUE_CHECKS=0 */;
/*!40014 SET @OLD_FOREIGN_KEY_CHECKS=@@FOREIGN_KEY_CHECKS, FOREIGN_KEY_CHECKS=0 */;
/*!40101 SET @OLD_SQL_MODE=@@SQL_MODE, SQL_MODE='NO_AUTO_VALUE_ON_ZERO' */;
/*!40111 SET @OLD_SQL_NOTES=@@SQL_NOTES, SQL_NOTES=0 */;

--
-- Table structure for table `cue`
--

DROP TABLE IF EXISTS `cue`;
/*!40101 SET @saved_cs_client     = @@character_set_client */;
/*!40101 SET character_set_client = utf8 */;
CREATE TABLE `cue` (
  `id` bigint(20) unsigned NOT NULL AUTO_INCREMENT,
  `order` float DEFAULT NULL,
  `name` varchar(255) DEFAULT NULL,
  `memo` text NOT NULL DEFAULT ' ',
  `type` enum('Regular') NOT NULL DEFAULT 'Regular',
  `update_mode` enum('Stored','All') NOT NULL DEFAULT 'Stored',
  `osc_bind` varchar(255) DEFAULT NULL,
  `dmx_bind` int(11) DEFAULT NULL,
  `is_enabled` tinyint(1) DEFAULT 1,
  `order_new` float DEFAULT NULL,
  PRIMARY KEY (`id`),
  KEY `order` (`order`)
) ENGINE=InnoDB AUTO_INCREMENT=88 DEFAULT CHARSET=utf8mb4;
/*!40101 SET character_set_client = @saved_cs_client */;

--
-- Dumping data for table `cue`
--

LOCK TABLES `cue` WRITE;
/*!40000 ALTER TABLE `cue` DISABLE KEYS */;
INSERT INTO `cue` VALUES (5,0,'Пустота-тишина','','Regular','Stored',NULL,NULL,1,0),(6,50,'Калибровка','','Regular','Stored',NULL,NULL,1,50),(7,100,'ЗТМ','','Regular','Stored',NULL,NULL,1,100),(9,150,'Сцена 1-1 (экспозиция)','Лифт открывается. Выходит Хари. Сарториус и Снаут отступают. Крис смотрит на Хари. Крис окаменел - он узнает Хари, но не в состоянии реагировать','Regular','Stored',NULL,NULL,1,150),(10,200,'Сцена-1-2  экспозиция (Снаут Сарториус)','','Regular','Stored',NULL,NULL,1,200),(11,300,'Сцена-1-3 (Хари приехала)','','Regular','Stored',NULL,NULL,1,300),(12,250,'Сцена-1-2(Крис приехал)','','Regular','Stored',NULL,NULL,1,250),(13,350,'Сцена-1-4 (Хари убивают)','','Regular','Stored',NULL,NULL,1,350),(14,400,'__из_1_в_2__','','Regular','Stored',NULL,NULL,1,400),(15,450,'Сцена-2-1 (Крис  Сарториус  Снаут)','','Regular','Stored',NULL,NULL,1,450),(16,500,'Сцена-2-2 (Крис  Сарториус  Снаут)','','Regular','Stored',NULL,NULL,1,500),(17,550,'Сцена-2-3 (фантом дочери)','','Regular','Stored',NULL,NULL,1,550),(18,600,'Сцена-2-4 (встреча)','','Regular','Stored',NULL,NULL,1,600),(19,650,'Сцена-2-5 (убежали)','','Regular','Stored',NULL,NULL,1,650),(20,750,'Сцена-3-1 (Разговор Криса и Хари)','камера, кей и фон - проекция на 1-ю сетку','Regular','Stored',NULL,NULL,1,750),(21,800,'Сцена-3-2 (Разговор Криса и Хари)','камера, кей и фон','Regular','Stored',NULL,NULL,1,800),(22,850,'Сцена-3-3 (Разговор Криса и Хари)','камера, кей и фон','Regular','Stored',NULL,NULL,1,850),(23,700,'__из_2_в_3__','уходит 0-я сетка','Regular','Stored',NULL,NULL,1,700),(24,900,'__из_3_в_4__','','Regular','Stored',NULL,NULL,1,900),(25,950,'Сцена-4-1 (Крис  Снаут)','КРИС. К тебе уже приходил кто-то?','Regular','Stored',NULL,NULL,1,950),(26,1000,'Сцена-4-2 (Крис  Снаут)','Крис встраёт с кровати','Regular','Stored',NULL,NULL,1,1000),(27,1050,'Сцена-4-3 (+ Сарториус)\r\n','Крики звук ударов/Вбегает САРТОРИУС. Он в крови. Отряхивается. Взволнован. ','Regular','Stored',NULL,NULL,1,1050),(28,1100,'Сцена-4-4 ( + Двойник Снаута)','В проеме лифта появляется ДВОЙНИК. Мы не сразу понимаем, что это женщина. ','Regular','Stored',NULL,NULL,1,1100),(29,1150,'Сцена-4-5 ( + дочь Сарториуса)','ДВОЙНИК начинает шевелиться, встает. Выходит ДОЧЬ.  ','Regular','Stored',NULL,NULL,1,1150),(30,1200,'Сцена-4-6 (мочилово) ','СНАУТ и САРТОРИУС разными способами убивают своих фантомов, те оживают и борьба начинается снова. ','Regular','Stored',NULL,NULL,1,1200),(31,1250,'Сцена-4-6 (мочилово) ','Задейсттвованы дальние планы. Полумрак или строб Постепенно все исчезают со сцены. ','Regular','Stored',NULL,NULL,1,1250),(32,1350,'Сцена-5-1 (Хари  Крис)','ХАРИ. Вижу, что избегаешь меня. ','Regular','Stored',NULL,NULL,1,1350),(33,1300,'__из_4_в_5__','','Regular','Stored',NULL,NULL,1,1300),(34,1400,'Сцена-5-1 (Хари  Крис)','ХАРИ. Да лучше бы ты меня бил. ','Regular','Stored',NULL,NULL,1,1400),(35,1450,'Сцена-5-1 (Хари  Крис)','','Regular','Stored',NULL,NULL,1,1450),(36,1500,'Сцена-5-1 (Хари  Крис)','','Regular','Stored',NULL,NULL,1,1500),(37,1550,'Сцена-5-1 (Хари  Крис) (исследование)','','Regular','Stored',NULL,NULL,1,1550),(38,2050,'Сцена-6-1 (Снаут  Двойник)','достоевский','Regular','Stored',NULL,NULL,1,2050),(39,1600,'__из_5_в_6__','','Regular','Stored',NULL,NULL,1,1600),(40,1650,'Сцена-6-2 (Снаут выводит двойника связанного)','','Regular','Stored',NULL,NULL,1,1650),(41,1750,'Сцена-6-3 ( + Сарториус)','','Regular','Stored',NULL,NULL,1,1750),(42,1800,'Сцена-6-4 (+Дочь)','','Regular','Stored',NULL,NULL,1,1800),(43,1850,'Сцена-6-5 (15-й этаж!)','','Regular','Stored',NULL,NULL,1,1850),(44,1900,'Сцена-6-6 (Дочь в клетке)','','Regular','Stored',NULL,NULL,1,1900),(45,1950,'Сцена-6-7 (+Крис)','','Regular','Stored',NULL,NULL,1,1950),(46,2000,'Сцена-6-8 (Двойника испаряют) ','дым в лифте? испаритель?','Regular','Stored',NULL,NULL,1,2000),(47,2100,'__из 6 в 7__','','Regular','Stored',NULL,NULL,1,2100),(48,2150,'Сцена-7-1 (Крис и Хари)','Космический секс','Regular','Stored',NULL,NULL,1,2150),(49,2200,'Сцена-7-2 (Крис и Хари)','','Regular','Stored',NULL,NULL,1,2200),(50,2250,'Сцена-7-3 (Крис и Хари)','','Regular','Stored',NULL,NULL,1,2250),(51,2300,'Сцена-7-4 (Крис и Хари)','','Regular','Stored',NULL,NULL,1,2300),(52,2350,'Сцена-7-5 (Крис и Хари)','','Regular','Stored',NULL,NULL,1,2350),(53,2400,'Сцена-7-6 (Крис и Хари)','','Regular','Stored',NULL,NULL,1,2400),(54,2450,'__из 7 в 8__','','Regular','Stored',NULL,NULL,1,2450),(55,2500,'Сцена-8-1 (Крис  Снаут  Сарториус)','Расчеты таковы: если мы обесточим его, то удастся выиграть время. Лаборатория окажется в зоне, свободной от фантомов. ','Regular','Stored',NULL,NULL,1,2500),(56,2550,'Сцена-8-2 (Крис  Снаут  Сарториус)','Бред. Это разговор с шизофреника с шизофреником!','Regular','Stored',NULL,NULL,1,2550),(57,2600,'Сцена-8-3 (Крис  Снаут  Сарториус)','','Regular','Stored',NULL,NULL,1,2600),(58,2650,'Сцена-8-4 (Крис  Снаут  Сарториус)','','Regular','Stored',NULL,NULL,1,2650),(59,2700,'Сцена-8-5 (Крис  Снаут  Сарториус)','КРИС. А может Солярис — только младенец , может, жизненные силы его детства пока превосходят его разум, и все наши исследования, — длинный перечень его младенческих рефлексов...., мы игрушки в его руках…он с нами играет…','Regular','Stored',NULL,NULL,1,2700),(60,2750,'Сцена-8-6 (Крис  Снаут  Сарториус)','','Regular','Stored',NULL,NULL,1,2750),(61,2800,'Сцена-8-7 (Крис  Снаут  Сарториус)','СНАУТ. А она во всех отношениях… качественная?','Regular','Stored',NULL,NULL,1,2800),(62,2850,'Сцена-8-8 (Крис  Снаут  Сарториус)','','Regular','Stored',NULL,NULL,1,2850),(63,2900,'__из 8 в 9__','','Regular','Stored',NULL,NULL,1,2900),(64,2950,'Сцена-9-1 (Крис и Хари)','','Regular','Stored',NULL,NULL,1,2950),(65,3000,'Сцена-9-2 (Крис и Хари)','','Regular','Stored',NULL,NULL,1,3000),(66,3050,'Сцена-9-3 (Крис и Хари)','','Regular','Stored',NULL,NULL,1,3050),(67,3100,'Сцена-9-4 (Крис и Хари)','','Regular','Stored',NULL,NULL,1,3100),(68,3150,'Сцена-9-5 (Крис и Хари)','','Regular','Stored',NULL,NULL,1,3150),(69,3200,'Сцена-9-6 (Крис и Хари)','','Regular','Stored',NULL,NULL,1,3200),(70,3250,'__из 9 в 10__','','Regular','Stored',NULL,NULL,1,3250),(71,3300,'Сцена-10-1 (Монологи Снаута и Сарториуса)','','Regular','Stored',NULL,NULL,1,3300),(72,3350,'Сцена-10-1 (Монологи Снаута и Сарториуса)','','Regular','Stored',NULL,NULL,1,3350),(73,3400,'Сцена-10-2 (Монологи Снаута и Сарториуса)','','Regular','Stored',NULL,NULL,1,3400),(74,3450,'Сцена-10-3 (Монологи Снаута и Сарториуса)','','Regular','Stored',NULL,NULL,1,3450),(75,3500,'Сцена-10-4 (Монологи Снаута и Сарториуса)','','Regular','Stored',NULL,NULL,1,3500),(76,3550,'Сцена-10-5 (Монологи Снаута и Сарториуса)','','Regular','Stored',NULL,NULL,1,3550),(77,3600,'Сцена-10-6 (Монологи Снаута и Сарториуса)','','Regular','Stored',NULL,NULL,1,3600),(78,3650,'Сцена-10-7 (Монологи Снаута и Сарториуса)','','Regular','Stored',NULL,NULL,1,3650),(79,3700,'Сцена-10-8 (Монологи Снаута и Сарториуса)','','Regular','Stored',NULL,NULL,1,3700),(80,3750,'__из 10 в 11__','','Regular','Stored',NULL,NULL,1,3750),(81,3800,'Сцена-11-1 (Финал  Крис и Хари)','','Regular','Stored',NULL,NULL,1,3800),(82,3850,'Сцена 11 (Финал)','','Regular','Stored',NULL,NULL,1,3850),(83,3900,'Сцена 11 (Финал)','','Regular','Stored',NULL,NULL,1,3900),(84,3950,'Сцена 11 (Финал)','','Regular','Stored',NULL,NULL,1,3950),(85,4000,'Сцена 11 (Финал)','','Regular','Stored',NULL,NULL,1,4000),(86,4050,'THE END','','Regular','Stored',NULL,NULL,1,4050),(87,1700,'Сцена-6-2 (Двойник в клетке) ','','Regular','Stored',NULL,NULL,1,1700);
/*!40000 ALTER TABLE `cue` ENABLE KEYS */;
UNLOCK TABLES;

--
-- Table structure for table `cue_float_data`
--

DROP TABLE IF EXISTS `cue_float_data`;
/*!40101 SET @saved_cs_client     = @@character_set_client */;
/*!40101 SET character_set_client = utf8 */;
CREATE TABLE `cue_float_data` (
  `id` bigint(20) unsigned NOT NULL AUTO_INCREMENT,
  `id_cue` bigint(20) unsigned NOT NULL,
  `id_fixture` bigint(20) unsigned NOT NULL,
  `par_name` varchar(255) NOT NULL,
  `par_value` float DEFAULT 0,
  `fade_in` float DEFAULT 0,
  `fade_out` float DEFAULT 0,
  `delay_in` float DEFAULT 0,
  `delay_out` float DEFAULT 0,
  PRIMARY KEY (`id`),
  UNIQUE KEY `id` (`id`),
  UNIQUE KEY `Unique_index` (`id_cue`,`id_fixture`,`par_name`),
  KEY `id_fixture` (`id_fixture`) USING BTREE,
  KEY `par_name` (`par_name`) USING BTREE,
  KEY `id_cue` (`id_cue`) USING BTREE
) ENGINE=InnoDB AUTO_INCREMENT=1688 DEFAULT CHARSET=utf8mb4;
/*!40101 SET character_set_client = @saved_cs_client */;

--
-- Dumping data for table `cue_float_data`
--

LOCK TABLES `cue_float_data` WRITE;
/*!40000 ALTER TABLE `cue_float_data` DISABLE KEYS */;
INSERT INTO `cue_float_data` VALUES (186,9,26,'Index',0,1,0,0,0),(187,9,27,'Index',0,1,0,0,0),(188,9,28,'Index',0,1,0,0,0),(205,9,33,'tx',-10.599,1,0,0,0),(206,9,33,'ty',-2.45,1,0,0,0),(207,9,33,'tz',7.5,1,0,0,0),(208,9,33,'ry',83,1,0,0,0),(209,9,34,'tx',-10.599,1,0,0,0),(210,9,34,'ty',-2.45,1,0,0,0),(211,9,34,'tz',10.4,1,0,0,0),(212,9,34,'ry',0,1,0,0,0),(213,9,35,'tx',11.801,1,0,0,0),(214,9,35,'ty',-2.45,1,0,0,0),(215,9,35,'tz',6.7,1,0,0,0),(216,9,35,'ry',-140,1,0,0,0),(217,9,36,'tx',-11.899,1,0,0,0),(218,9,36,'ty',-2.45,1,0,0,0),(219,9,36,'tz',2.3,1,0,0,0),(220,9,36,'ry',-70,1,0,0,0),(221,9,37,'tx',12.201,1,0,0,0),(222,9,37,'ty',-2.45,1,0,0,0),(223,9,37,'tz',3.3,1,0,0,0),(224,9,37,'ry',-126,1,0,0,0),(225,9,38,'tx',-17.2,1,0,0,0),(226,9,38,'ty',-2.5,1,0,0,0),(227,9,38,'tz',11.3,1,0,0,0),(228,9,38,'ry',0,1,0,0,0),(233,9,41,'tx',1.67,1,0,0,0),(234,9,41,'ty',-2.47,1,0,0,0),(235,9,41,'tz',7.8,1,0,0,0),(236,9,41,'ry',-87,1,0,0,0),(237,9,42,'Index',2,0,0,0,0),(238,9,42,'Subindex',0,0,0,0,0),(239,9,43,'Index',0,1,0,0,0),(240,9,43,'Subindex',0,1,0,0,0),(245,5,26,'Index',0,1,0,0,0),(246,5,27,'Index',0,1,0,0,0),(247,5,28,'Index',0,1,0,0,0),(264,5,33,'tx',-10.599,1,0,0,0),(265,5,33,'ty',-2.45,1,0,0,0),(266,5,33,'tz',7.5,1,0,0,0),(267,5,33,'ry',83,1,0,0,0),(268,5,34,'tx',-10.599,1,0,0,0),(269,5,34,'ty',-2.45,1,0,0,0),(270,5,34,'tz',10.4,1,0,0,0),(271,5,34,'ry',0,1,0,0,0),(272,5,35,'tx',11.801,1,0,0,0),(273,5,35,'ty',-2.45,1,0,0,0),(274,5,35,'tz',6.7,1,0,0,0),(275,5,35,'ry',-140,1,0,0,0),(276,5,36,'tx',-11.899,1,0,0,0),(277,5,36,'ty',-2.45,1,0,0,0),(278,5,36,'tz',2.3,1,0,0,0),(279,5,36,'ry',-70,1,0,0,0),(280,5,37,'tx',12.201,1,0,0,0),(281,5,37,'ty',-2.45,1,0,0,0),(282,5,37,'tz',3.3,1,0,0,0),(283,5,37,'ry',-126,1,0,0,0),(284,5,38,'tx',-17.2,1,0,0,0),(285,5,38,'ty',-2.5,1,0,0,0),(286,5,38,'tz',11.3,1,0,0,0),(287,5,38,'ry',0,1,0,0,0),(292,5,41,'tx',1.67,1,0,0,0),(293,5,41,'ty',-2.47,1,0,0,0),(294,5,41,'tz',7.8,1,0,0,0),(295,5,41,'ry',-87,1,0,0,0),(298,5,43,'Index',0,1,0,0,0),(299,5,43,'Subindex',0,1,0,0,0),(304,6,26,'Index',0,1,0,0,0),(305,6,27,'Index',0,1,0,0,0),(306,6,28,'Index',0,1,0,0,0),(311,6,30,'tx',2.278,1,0,0,0),(312,6,30,'ty',-2.287,1,0,0,0),(313,6,30,'tz',11.217,1,0,0,0),(314,6,30,'ry',-121.398,1,0,0,0),(315,6,31,'tx',1.776,1,0,0,0),(316,6,31,'ty',-2.449,1,0,0,0),(317,6,31,'tz',8.527,1,0,0,0),(318,6,31,'ry',-150.969,1,0,0,0),(319,6,32,'tx',-2.558,1,0,0,0),(320,6,32,'ty',0,1,0,0,0),(321,6,32,'tz',13.128,1,0,0,0),(322,6,32,'ry',-170.063,1,0,0,0),(323,6,33,'tx',-10.599,1,0,0,0),(324,6,33,'ty',-2.45,1,0,0,0),(325,6,33,'tz',7.5,1,0,0,0),(326,6,33,'ry',83,1,0,0,0),(327,6,34,'tx',-10.599,1,0,0,0),(328,6,34,'ty',-2.45,1,0,0,0),(329,6,34,'tz',10.4,1,0,0,0),(330,6,34,'ry',0,1,0,0,0),(331,6,35,'tx',11.801,1,0,0,0),(332,6,35,'ty',-2.45,1,0,0,0),(333,6,35,'tz',6.7,1,0,0,0),(334,6,35,'ry',-140,1,0,0,0),(335,6,36,'tx',-11.899,1,0,0,0),(336,6,36,'ty',-2.45,1,0,0,0),(337,6,36,'tz',2.3,1,0,0,0),(338,6,36,'ry',-70,1,0,0,0),(339,6,37,'tx',12.201,1,0,0,0),(340,6,37,'ty',-2.45,1,0,0,0),(341,6,37,'tz',3.3,1,0,0,0),(342,6,37,'ry',-126,1,0,0,0),(343,6,38,'tx',-17.2,1,0,0,0),(344,6,38,'ty',-2.5,1,0,0,0),(345,6,38,'tz',11.3,1,0,0,0),(346,6,38,'ry',0,1,0,0,0),(351,6,41,'tx',1.67,1,0,0,0),(352,6,41,'ty',-2.47,1,0,0,0),(353,6,41,'tz',7.8,1,0,0,0),(354,6,41,'ry',-87,1,0,0,0),(357,6,43,'Index',0,1,0,0,0),(358,6,43,'Subindex',0,1,0,0,0),(363,7,26,'Index',0,1,0,0,0),(364,7,27,'Index',0,1,0,0,0),(365,7,28,'Index',0,1,0,0,0),(382,7,33,'tx',-10.599,1,0,0,0),(383,7,33,'ty',-2.45,1,0,0,0),(384,7,33,'tz',7.5,1,0,0,0),(385,7,33,'ry',83,1,0,0,0),(386,7,34,'tx',-10.599,1,0,0,0),(387,7,34,'ty',-2.45,1,0,0,0),(388,7,34,'tz',10.4,1,0,0,0),(389,7,34,'ry',0,1,0,0,0),(390,7,35,'tx',11.801,1,0,0,0),(391,7,35,'ty',-2.45,1,0,0,0),(392,7,35,'tz',6.7,1,0,0,0),(393,7,35,'ry',-140,1,0,0,0),(394,7,36,'tx',-11.899,1,0,0,0),(395,7,36,'ty',-2.45,1,0,0,0),(396,7,36,'tz',2.3,1,0,0,0),(397,7,36,'ry',-70,1,0,0,0),(398,7,37,'tx',12.201,1,0,0,0),(399,7,37,'ty',-2.45,1,0,0,0),(400,7,37,'tz',3.3,1,0,0,0),(401,7,37,'ry',-126,1,0,0,0),(402,7,38,'tx',-17.2,1,0,0,0),(403,7,38,'ty',-2.5,1,0,0,0),(404,7,38,'tz',11.3,1,0,0,0),(405,7,38,'ry',0,1,0,0,0),(410,7,41,'tx',1.67,1,0,0,0),(411,7,41,'ty',-2.47,1,0,0,0),(412,7,41,'tz',7.8,1,0,0,0),(413,7,41,'ry',-87,1,0,0,0),(414,7,42,'Index',0,0,0,0,0),(415,7,42,'Subindex',0,0,0,0,0),(416,7,43,'Index',0,1,0,0,0),(417,7,43,'Subindex',0,1,0,0,0),(422,6,42,'Index',1,1,0,0,0),(423,6,42,'Subindex',0,1,0,0,0),(424,10,26,'Index',0,1,0,0,0),(425,10,27,'Index',0,1,0,0,0),(426,10,28,'Index',0,1,0,0,0),(443,10,33,'tx',-10.599,1,0,0,0),(444,10,33,'ty',-2.45,1,0,0,0),(445,10,33,'tz',7.5,1,0,0,0),(446,10,33,'ry',83,1,0,0,0),(447,10,34,'tx',-10.599,1,0,0,0),(448,10,34,'ty',-2.45,1,0,0,0),(449,10,34,'tz',10.4,1,0,0,0),(450,10,34,'ry',0,1,0,0,0),(451,10,35,'tx',11.801,1,0,0,0),(452,10,35,'ty',-2.45,1,0,0,0),(453,10,35,'tz',6.7,1,0,0,0),(454,10,35,'ry',-140,1,0,0,0),(455,10,36,'tx',-11.899,1,0,0,0),(456,10,36,'ty',-2.45,1,0,0,0),(457,10,36,'tz',2.3,1,0,0,0),(458,10,36,'ry',-70,1,0,0,0),(459,10,37,'tx',12.201,1,0,0,0),(460,10,37,'ty',-2.45,1,0,0,0),(461,10,37,'tz',3.3,1,0,0,0),(462,10,37,'ry',-126,1,0,0,0),(471,10,41,'tx',1.67,1,0,0,0),(472,10,41,'ty',-2.47,1,0,0,0),(473,10,41,'tz',7.8,1,0,0,0),(474,10,41,'ry',-87,1,0,0,0),(477,10,43,'Index',0,1,0,0,0),(478,10,43,'Subindex',0,1,0,0,0),(483,11,26,'Index',0,1,0,0,0),(484,11,27,'Index',0,1,0,0,0),(485,11,28,'Index',0,1,0,0,0),(502,11,33,'tx',-10.599,1,0,0,0),(503,11,33,'ty',-2.45,1,0,0,0),(504,11,33,'tz',7.5,1,0,0,0),(505,11,33,'ry',83,1,0,0,0),(510,11,35,'tx',11.801,1,0,0,0),(511,11,35,'ty',-2.45,1,0,0,0),(512,11,35,'tz',6.7,1,0,0,0),(513,11,35,'ry',-140,1,0,0,0),(514,11,36,'tx',-11.899,1,0,0,0),(515,11,36,'ty',-2.45,1,0,0,0),(516,11,36,'tz',2.3,1,0,0,0),(517,11,36,'ry',-70,1,0,0,0),(518,11,37,'tx',12.201,1,0,0,0),(519,11,37,'ty',-2.45,1,0,0,0),(520,11,37,'tz',3.3,1,0,0,0),(521,11,37,'ry',-126,1,0,0,0),(522,11,38,'tx',-17.2,1,0,0,0),(523,11,38,'ty',-2.5,1,0,0,0),(524,11,38,'tz',11.3,1,0,0,0),(525,11,38,'ry',0,1,0,0,0),(534,11,42,'Index',4,0,0,0,0),(535,11,42,'Subindex',0,0,0,0,0),(536,11,43,'Index',0,1,0,0,0),(537,11,43,'Subindex',0,1,0,0,0),(542,12,26,'Index',0,1,0,0,0),(543,12,27,'Index',0,1,0,0,0),(544,12,28,'Index',0,1,0,0,0),(561,12,33,'tx',-10.599,1,0,0,0),(562,12,33,'ty',-2.45,1,0,0,0),(563,12,33,'tz',7.5,1,0,0,0),(564,12,33,'ry',83,1,0,0,0),(565,12,34,'tx',7.501,1,0,0,0),(566,12,34,'ty',-2.45,1,0,0,0),(567,12,34,'tz',8.4,1,0,0,0),(568,12,34,'ry',-73,1,0,0,0),(569,12,35,'tx',11.801,1,0,0,0),(570,12,35,'ty',-2.45,1,0,0,0),(571,12,35,'tz',6.7,1,0,0,0),(572,12,35,'ry',-140,1,0,0,0),(573,12,36,'tx',-11.899,1,0,0,0),(574,12,36,'ty',-2.45,1,0,0,0),(575,12,36,'tz',2.3,1,0,0,0),(576,12,36,'ry',-70,1,0,0,0),(577,12,37,'tx',12.201,1,0,0,0),(578,12,37,'ty',-2.45,1,0,0,0),(579,12,37,'tz',3.3,1,0,0,0),(580,12,37,'ry',-126,1,0,0,0),(581,12,38,'tx',-17.2,1,0,0,0),(582,12,38,'ty',-2.5,1,0,0,0),(583,12,38,'tz',11.3,1,0,0,0),(584,12,38,'ry',0,1,0,0,0),(660,5,39,'tx',-0.02,0,0,0,0),(661,5,39,'ty',0,0,0,0,0),(670,9,32,'tx',7.442,1,0,0,0),(671,9,32,'ty',0,1,0,0,0),(672,9,32,'tz',11.528,1,0,0,0),(673,9,32,'ry',-25.063,1,0,0,0),(674,9,30,'tx',6.978,1,0,0,0),(675,9,30,'ty',-2.287,1,0,0,0),(676,9,30,'tz',11.217,1,0,0,0),(677,9,30,'ry',-121.398,1,0,0,0),(678,9,31,'tx',10.976,1,0,0,0),(679,9,31,'ty',-2.449,1,0,0,0),(680,9,31,'tz',8.527,1,0,0,0),(681,9,31,'ry',-150.969,1,0,0,0),(686,7,30,'tx',6.978,1,0,0,0),(687,7,30,'ty',-2.287,1,0,0,0),(688,7,30,'tz',11.217,1,0,0,0),(689,7,30,'ry',-121.398,1,0,0,0),(690,7,31,'tx',10.976,1,0,0,0),(691,7,31,'ty',-2.449,1,0,0,0),(692,7,31,'tz',8.527,1,0,0,0),(693,7,31,'ry',-150.969,1,0,0,0),(694,7,32,'tx',7.442,1,0,0,0),(695,7,32,'ty',0,1,0,0,0),(696,7,32,'tz',11.528,1,0,0,0),(697,7,32,'ry',-25.063,1,0,0,0),(698,6,39,'tx',-0.02,0,0,0,0),(699,6,39,'ty',0,0,0,0,0),(701,7,39,'tx',-0.02,0,0,0,0),(702,7,39,'ty',0,0,0,0,0),(723,5,30,'tx',6.978,1,0,0,0),(724,5,30,'ty',-2.287,1,0,0,0),(725,5,30,'tz',11.217,1,0,0,0),(726,5,30,'ry',-121.398,1,0,0,0),(727,5,31,'tx',10.976,1,0,0,0),(728,5,31,'ty',-2.449,1,0,0,0),(729,5,31,'tz',8.527,1,0,0,0),(730,5,31,'ry',-150.969,1,0,0,0),(731,5,32,'tx',7.442,1,0,0,0),(732,5,32,'ty',0,1,0,0,0),(733,5,32,'tz',11.528,1,0,0,0),(734,5,32,'ry',-25.063,1,0,0,0),(735,10,42,'Index',2,0,0,0,0),(736,10,42,'Subindex',0,0,0,0,0),(749,10,30,'tx',6.978,1,0,0,0),(750,10,30,'ty',-2.287,1,0,0,0),(751,10,30,'tz',11.217,1,0,0,0),(752,10,30,'ry',-121.398,1,0,0,0),(761,10,31,'tx',0.176,1,0,0,0),(762,10,31,'ty',-2.449,1,0,0,0),(763,10,31,'tz',12.127,1,0,0,0),(764,10,31,'ry',-234.969,1,0,0,0),(765,10,32,'tx',-1.558,1,0,0,0),(766,10,32,'ty',0,1,0,0,0),(767,10,32,'tz',13.128,1,0,0,0),(768,10,32,'ry',-79.063,1,0,0,0),(769,10,38,'tx',-17.2,1,0,0,0),(770,10,38,'ty',-2.5,1,0,0,0),(771,10,38,'tz',11.3,1,0,0,0),(772,10,38,'ry',0,1,0,0,0),(773,12,43,'Index',0,1,0,0,0),(774,12,43,'Subindex',0,1,0,0,0),(791,12,41,'tx',1.67,1,0,0,0),(792,12,41,'ty',-2.47,1,0,0,0),(793,12,41,'tz',7.8,1,0,0,0),(794,12,41,'ry',-87,1,0,0,0),(795,11,41,'tx',1.67,1,0,0,0),(796,11,41,'ty',-2.47,1,0,0,0),(797,11,41,'tz',7.8,1,0,0,0),(798,11,41,'ry',-87,1,0,0,0),(806,12,32,'tx',3.142,1,0,0,0),(807,12,32,'ty',0,1,0,0,0),(808,12,32,'tz',13.128,1,0,0,0),(809,12,32,'ry',46.937,1,0,0,0),(810,12,31,'tx',0.176,1,0,0,0),(811,12,31,'ty',-2.449,1,0,0,0),(812,12,31,'tz',13.627,1,0,0,0),(813,12,31,'ry',-52.969,1,0,0,0),(814,12,30,'tx',1.878,1,0,0,0),(815,12,30,'ty',-2.287,1,0,0,0),(816,12,30,'tz',8.317,1,0,0,0),(817,12,30,'ry',-86.398,1,0,0,0),(818,12,42,'Index',2,0,0,0,0),(819,12,42,'Subindex',0,0,0,0,0),(820,13,26,'Index',0,1,0,0,0),(821,13,27,'Index',0,1,0,0,0),(822,13,28,'Index',0,1,0,0,0),(847,13,35,'tx',11.801,1,0,0,0),(848,13,35,'ty',-2.45,1,0,0,0),(849,13,35,'tz',6.7,1,0,0,0),(850,13,35,'ry',-140,1,0,0,0),(851,13,36,'tx',-11.899,1,0,0,0),(852,13,36,'ty',-2.45,1,0,0,0),(853,13,36,'tz',2.3,1,0,0,0),(854,13,36,'ry',-70,1,0,0,0),(855,13,37,'tx',12.201,1,0,0,0),(856,13,37,'ty',-2.45,1,0,0,0),(857,13,37,'tz',3.3,1,0,0,0),(858,13,37,'ry',-126,1,0,0,0),(870,13,41,'tx',1.67,1,0,0,0),(871,13,41,'ty',-2.47,1,0,0,0),(872,13,41,'tz',7.8,1,0,0,0),(873,13,41,'ry',-87,1,0,0,0),(874,13,42,'Index',4,0,0,0,0),(875,13,42,'Subindex',0,0,0,0,0),(876,13,43,'Index',0,1,0,0,0),(877,13,43,'Subindex',0,1,0,0,0),(882,13,38,'tx',2,1,0,0,0),(883,13,38,'ty',-2.5,1,0,0,0),(884,13,38,'tz',11.3,1,0,0,0),(885,13,38,'ry',70,1,0,0,0),(886,11,34,'tx',8.801,1,0,0,0),(887,11,34,'ty',-2.45,1,0,0,0),(888,11,34,'tz',8.4,1,0,0,0),(889,11,34,'ry',-73,1,0,0,0),(894,11,31,'tx',4.076,1,0,0,0),(895,11,31,'ty',-2.449,1,0,0,0),(896,11,31,'tz',12.327,1,0,0,0),(897,11,31,'ry',104.031,1,0,0,0),(898,11,32,'tx',-0.058,1,0,0,0),(899,11,32,'ty',0,1,0,0,0),(900,11,32,'tz',9.528,1,0,0,0),(901,11,32,'ry',-140.063,1,0,0,0),(902,11,30,'tx',0.978,1,0,0,0),(903,11,30,'ty',-2.287,1,0,0,0),(904,11,30,'tz',13.317,1,0,0,0),(905,11,30,'ry',46.602,1,0,0,0),(910,13,33,'tx',-10.599,1,0,0,0),(911,13,33,'ty',-2.45,1,0,0,0),(912,13,33,'tz',7.5,1,0,0,0),(913,13,33,'ry',83,1,0,0,0),(914,13,34,'tx',8.101,1,0,0,0),(915,13,34,'ty',-2.45,1,0,0,0),(916,13,34,'tz',8.4,1,0,0,0),(917,13,34,'ry',-73,1,0,0,0),(918,13,29,'tx',2.884,1,0,0,0),(919,13,29,'ty',-1.749,1,0,0,0),(920,13,29,'tz',12.051,1,0,0,0),(921,13,29,'ry',65.436,1,0,0,0),(922,13,29,'rx',-84,1,0,0,0),(923,13,29,'rz',0,1,0,0,0),(925,11,29,'tx',1.884,1,0,0,0),(926,11,29,'ty',-2.449,1,0,0,0),(927,11,29,'tz',9.351,1,0,0,0),(928,11,29,'ry',20.436,1,0,0,0),(929,11,29,'rx',0,1,0,0,0),(930,11,29,'rz',0,1,0,0,0),(931,12,29,'tx',-6.516,1,0,0,0),(932,12,29,'ty',-2.449,1,0,0,0),(933,12,29,'tz',13.151,1,0,0,0),(934,12,29,'ry',-84.564,1,0,0,0),(935,12,29,'rx',0,0,0,0,0),(936,12,29,'rz',0,1,0,0,0),(937,10,29,'tx',-6.516,1,0,0,0),(938,10,29,'ty',-2.449,1,0,0,0),(939,10,29,'tz',13.151,1,0,0,0),(940,10,29,'ry',-84.564,1,0,0,0),(941,10,29,'rx',0,0,0,0,0),(942,10,29,'rz',0,0,0,0,0),(943,9,29,'tx',-6.516,1,0,0,0),(944,9,29,'ty',-2.449,1,0,0,0),(945,9,29,'tz',13.151,1,0,0,0),(946,9,29,'ry',-84.564,1,0,0,0),(947,9,29,'rx',0,0,0,0,0),(948,9,29,'rz',0,0,0,0,0),(949,7,29,'tx',-6.516,1,0,0,0),(950,7,29,'ty',-2.449,1,0,0,0),(951,7,29,'tz',13.151,1,0,0,0),(952,7,29,'ry',-84.564,1,0,0,0),(953,7,29,'rx',0,0,0,0,0),(954,7,29,'rz',0,0,0,0,0),(955,6,29,'tx',-0.616,1,0,0,0),(956,6,29,'ty',-2.449,1,0,0,0),(957,6,29,'tz',13.151,1,0,0,0),(958,6,29,'ry',-84.564,1,0,0,0),(959,6,29,'rx',0,0,0,0,0),(960,6,29,'rz',0,0,0,0,0),(961,5,29,'tx',-6.516,1,0,0,0),(962,5,29,'ty',-2.449,1,0,0,0),(963,5,29,'tz',13.151,1,0,0,0),(964,5,29,'ry',-84.564,1,0,0,0),(965,5,29,'rx',0,0,0,0,0),(966,5,29,'rz',0,0,0,0,0),(967,13,32,'tx',-0.258,1,0,0,0),(968,13,32,'ty',0,1,0,0,0),(969,13,32,'tz',10.828,1,0,0,0),(970,13,32,'ry',-84.063,1,0,0,0),(971,13,30,'tx',0.878,1,0,0,0),(972,13,30,'ty',-2.287,1,0,0,0),(973,13,30,'tz',13.117,1,0,0,0),(974,13,30,'ry',46.602,1,0,0,0),(975,13,31,'tx',3.576,1,0,0,0),(976,13,31,'ty',-2.449,1,0,0,0),(977,13,31,'tz',12.427,1,0,0,0),(978,13,31,'ry',69.031,1,0,0,0),(981,14,42,'Index',0,0,0,0,0),(986,14,38,'tx',9,0,0,0,0),(987,14,38,'ty',-2.5,0,0,0,0),(988,14,38,'tz',11.3,0,0,0,0),(989,14,38,'ry',70,0,0,0,0),(990,14,31,'tx',7.176,0,0,0,0),(991,14,31,'ty',-2.449,0,0,0,0),(992,14,31,'tz',12.427,0,0,0,0),(993,14,31,'ry',69.031,0,0,0,0),(994,14,29,'tx',8.384,0,0,0,0),(995,14,29,'ty',-1.749,0,0,0,0),(996,14,29,'tz',12.051,0,0,0,0),(997,14,29,'ry',324.436,0,0,0,0),(998,14,29,'rx',-84,0,0,0,0),(999,14,29,'rz',0,0,0,0,0),(1000,14,30,'tx',-7.722,0,0,0,0),(1001,14,30,'ty',-2.287,0,0,0,0),(1002,14,30,'tz',9.417,0,0,0,0),(1003,14,30,'ry',46.602,0,0,0,0),(1008,9,39,'tx',-0.02,0,0,0,0),(1009,9,39,'ty',0,0,0,0,0),(1010,9,39,'tz',8.716,0,0,0,0),(1014,10,39,'tx',-0.02,0,0,0,0),(1015,10,39,'ty',0,0,0,0,0),(1016,10,39,'tz',8.716,0,0,0,0),(1017,12,39,'tx',-0.02,0,0,0,0),(1018,12,39,'ty',0,0,0,0,0),(1019,12,39,'tz',8.716,0,0,0,0),(1020,11,39,'tx',-0.02,0,0,0,0),(1021,11,39,'ty',0,0,0,0,0),(1022,11,39,'tz',8.716,0,0,0,0),(1032,13,39,'tx',-0.02,0,0,0,0),(1033,13,39,'ty',0,0,0,0,0),(1034,13,39,'tz',8.716,0,0,0,0),(1035,14,39,'tx',-0.02,3,0,0,0),(1036,14,39,'ty',0,0,0,0,0),(1037,14,39,'tz',8.716,0,0,0,0),(1041,16,39,'tx',-0.02,3,0,0,0),(1042,16,39,'ty',0,0,0,0,0),(1043,16,39,'tz',8.716,0,0,0,0),(1044,17,39,'tx',-0.02,3,0,0,0),(1045,17,39,'ty',0,0,0,0,0),(1046,17,39,'tz',8.716,0,0,0,0),(1047,18,39,'tx',-0.02,3,0,0,0),(1048,18,39,'ty',0,0,0,0,0),(1049,18,39,'tz',8.716,0,0,0,0),(1050,19,39,'tx',-0.02,3,0,0,0),(1051,19,39,'ty',0,0,0,0,0),(1052,19,39,'tz',8.716,0,0,0,0),(1084,23,42,'Index',0,0,0,0,0),(1085,23,42,'Subindex',0,0,0,0,0),(1086,23,43,'Index',0,1,0,0,0),(1087,23,43,'Subindex',0,1,0,0,0),(1088,23,29,'tx',8.384,0,0,0,0),(1089,23,29,'ty',-1.749,0,0,0,0),(1090,23,29,'tz',12.051,0,0,0,0),(1091,23,29,'ry',324.436,0,0,0,0),(1092,23,29,'rx',-84,0,0,0,0),(1093,23,29,'rz',0,0,0,0,0),(1094,23,30,'tx',-7.722,0,0,0,0),(1095,23,30,'ty',-2.287,0,0,0,0),(1096,23,30,'tz',9.417,0,0,0,0),(1097,23,30,'ry',46.602,0,0,0,0),(1098,23,31,'tx',7.176,0,0,0,0),(1099,23,31,'ty',-2.449,0,0,0,0),(1100,23,31,'tz',12.427,0,0,0,0),(1101,23,31,'ry',69.031,0,0,0,0),(1102,23,32,'tx',-7.258,1,0,0,0),(1103,23,32,'ty',0,1,0,0,0),(1104,23,32,'tz',10.828,1,0,0,0),(1105,23,32,'ry',-84.063,1,0,0,0),(1106,23,33,'tx',-10.599,1,0,0,0),(1107,23,33,'ty',-2.45,1,0,0,0),(1108,23,33,'tz',7.5,1,0,0,0),(1109,23,33,'ry',83,1,0,0,0),(1110,23,34,'tx',8.101,1,0,0,0),(1111,23,34,'ty',-2.45,1,0,0,0),(1112,23,34,'tz',8.4,1,0,0,0),(1113,23,34,'ry',-73,1,0,0,0),(1114,23,35,'tx',11.801,1,0,0,0),(1115,23,35,'ty',-2.45,1,0,0,0),(1116,23,35,'tz',6.7,1,0,0,0),(1117,23,35,'ry',-140,1,0,0,0),(1118,23,36,'tx',-11.899,1,0,0,0),(1119,23,36,'ty',-2.45,1,0,0,0),(1120,23,36,'tz',2.3,1,0,0,0),(1121,23,36,'ry',-70,1,0,0,0),(1122,23,37,'tx',12.201,1,0,0,0),(1123,23,37,'ty',-2.45,1,0,0,0),(1124,23,37,'tz',3.3,1,0,0,0),(1125,23,37,'ry',-126,1,0,0,0),(1126,23,38,'tx',9,0,0,0,0),(1127,23,38,'ty',-2.5,0,0,0,0),(1128,23,38,'tz',11.3,0,0,0,0),(1129,23,38,'ry',70,0,0,0,0),(1130,23,39,'tx',0,3,0,0,0),(1131,23,39,'ty',-5,3,0,0,0),(1132,23,39,'tz',8.716,0,0,0,0),(1137,23,41,'tx',7.27,1,0,0,0),(1138,23,41,'ty',-2.47,1,0,0,0),(1139,23,41,'tz',-16.3,1,0,0,0),(1140,23,41,'ry',-87,1,0,0,0),(1141,23,26,'Index',0,1,0,0,0),(1142,23,27,'Index',0,1,0,0,0),(1143,23,28,'Index',0,1,0,0,0),(1148,20,38,'tx',0.3,0,0,0,0),(1149,20,38,'ty',-2.5,0,0,0,0),(1150,20,38,'tz',-5,0,0,0,0),(1151,20,38,'ry',70,0,0,0,0),(1158,20,30,'tx',1.278,0,0,0,0),(1159,20,30,'ty',-2.287,0,0,0,0),(1160,20,30,'tz',2.317,0,0,0,0),(1161,20,30,'ry',-93.398,0,0,0,0),(1166,25,29,'tx',9.684,1,0,0,0),(1167,25,29,'ty',-1.749,1,0,0,0),(1168,25,29,'tz',-4.449,1,0,0,0),(1169,25,29,'ry',65.436,1,0,0,0),(1170,25,29,'rx',-84,1,0,0,0),(1171,25,29,'rz',0,1,0,0,0),(1172,25,30,'tx',0.278,1,0,0,0),(1173,25,30,'ty',-2.287,1,0,0,0),(1174,25,30,'tz',-4.983,1,0,0,0),(1175,25,30,'ry',-93.398,1,0,0,0),(1182,20,29,'tx',1.384,1,0,0,0),(1183,20,29,'ty',-1.749,1,0,0,0),(1184,20,29,'tz',-4.449,1,0,0,0),(1185,20,29,'ry',65.436,1,0,0,0),(1186,20,29,'rx',-84,1,0,0,0),(1187,20,29,'rz',0,1,0,0,0),(1188,25,31,'tx',0.176,1,0,0,0),(1189,25,31,'ty',-2.549,1,0,0,0),(1190,25,31,'tz',4.027,1,0,0,0),(1191,25,31,'ry',25.031,1,0,0,0),(1192,27,32,'tx',2.332,1,0,0,0),(1193,27,32,'ty',-0.06,1,0,0,0),(1194,27,32,'tz',2.428,1,0,0,0),(1195,27,32,'ry',122.937,1,0,0,0),(1196,27,30,'tx',-1.392,0,0,0,0),(1197,27,30,'ty',-2.287,0,0,0,0),(1198,27,30,'tz',0.717,0,0,0,0),(1199,27,30,'ry',-47.398,0,0,0,0),(1200,24,31,'tx',7.176,0,0,0,0),(1201,24,31,'ty',-2.449,0,0,0,0),(1202,24,31,'tz',12.427,0,0,0,0),(1203,24,31,'ry',69.031,0,0,0,0),(1204,24,32,'tx',-7.258,0,0,0,0),(1205,24,32,'ty',0,0,0,0,0),(1206,24,32,'tz',10.828,0,0,0,0),(1207,24,32,'ry',-84.063,0,0,0,0),(1212,27,35,'tx',-2.999,1,0,0,0),(1213,27,35,'ty',-4.45,1,0,0,0),(1214,27,35,'tz',1.3,1,0,0,0),(1215,27,35,'ry',-63,1,0,0,0),(1216,29,35,'tx',-0.499,1,0,0,0),(1217,29,35,'ty',-2.45,1,0,0,0),(1218,29,35,'tz',4.4,1,0,0,0),(1219,29,35,'ry',0,1,0,0,0),(1220,29,35,'rx',-60,1,0,0,0),(1221,29,35,'rz',80,1,0,0,0),(1228,29,33,'tx',-2.9,1,0,0,0),(1229,29,33,'ty',-2.45,1,0,0,0),(1230,29,33,'tz',2.14,1,0,0,0),(1231,29,33,'ry',29,1,0,0,0),(1232,29,33,'rx',0,1,0,0,0),(1233,29,33,'rz',0,1,0,0,0),(1240,28,35,'tx',-2.999,1,0,0,0),(1241,28,35,'ty',-2.45,1,0,0,0),(1242,28,35,'tz',1.3,1,0,0,0),(1243,28,35,'ry',-63,1,0,0,0),(1244,28,35,'rx',0,0,0,0,0),(1245,28,35,'rz',0,0,0,0,0),(1246,28,33,'tx',-2.9,0,0,0,0),(1247,28,33,'ty',-4.65,0,0,0,0),(1248,28,33,'tz',2.14,0,0,0,0),(1249,28,33,'ry',29,0,0,0,0),(1250,28,33,'rx',0,0,0,0,0),(1251,28,33,'rz',0,0,0,0,0),(1252,33,29,'tx',-12,0,0,0,0),(1253,33,29,'ty',-1.749,0,0,0,0),(1254,33,29,'tz',-4.449,0,0,0,0),(1255,33,29,'ry',65.436,0,0,0,0),(1256,33,29,'rx',-84,0,0,0,0),(1257,33,29,'rz',0,0,0,0,0),(1258,33,30,'tx',-12,0,0,0,0),(1259,33,30,'ty',-2.287,0,0,0,0),(1260,33,30,'tz',0.717,0,0,0,0),(1261,33,30,'ry',-47.398,0,0,0,0),(1262,33,31,'tx',-12,0,0,0,0),(1263,33,31,'ty',-2.549,0,0,0,0),(1264,33,31,'tz',4.027,0,0,0,0),(1265,33,31,'ry',25.031,0,0,0,0),(1266,33,32,'tx',-12,0,0,0,0),(1267,33,32,'ty',-0.06,0,0,0,0),(1268,33,32,'tz',2.428,0,0,0,0),(1269,33,32,'ry',122.937,0,0,0,0),(1270,33,33,'tx',-12,1,0,0,0),(1271,33,33,'ty',-2.45,1,0,0,0),(1272,33,33,'tz',2.14,1,0,0,0),(1273,33,33,'ry',29,1,0,0,0),(1274,33,33,'rx',0,1,0,0,0),(1275,33,33,'rz',0,1,0,0,0),(1276,33,35,'tx',-12,1,0,0,0),(1277,33,35,'ty',-2.45,1,0,0,0),(1278,33,35,'tz',4.4,1,0,0,0),(1279,33,35,'ry',0,1,0,0,0),(1280,33,35,'rx',-60,1,0,0,0),(1281,33,35,'rz',80,1,0,0,0),(1282,33,38,'tx',0.3,0,0,0,0),(1283,33,38,'ty',-2.5,0,0,0,0),(1284,33,38,'tz',-5,0,0,0,0),(1285,33,38,'ry',70,0,0,0,0),(1286,32,30,'tx',-2.41,0,0,0,0),(1287,32,30,'ty',-2.287,0,0,0,0),(1288,32,30,'tz',4.617,0,0,0,0),(1289,32,30,'ry',-47.398,0,0,0,0),(1296,32,29,'tx',1.2,0,0,0,0),(1297,32,29,'ty',-1.781,0,0,0,0),(1298,32,29,'tz',-4.449,0,0,0,0),(1299,32,29,'ry',65.436,0,0,0,0),(1300,32,29,'rx',-84,0,0,0,0),(1301,32,29,'rz',0,0,0,0,0),(1302,39,29,'tx',1.2,0,0,0,0),(1303,39,29,'ty',-1.781,0,0,0,0),(1304,39,29,'tz',-4.449,0,0,0,0),(1305,39,29,'ry',65.436,0,0,0,0),(1306,39,29,'rx',-84,0,0,0,0),(1307,39,29,'rz',0,0,0,0,0),(1308,39,30,'tx',-2.41,0,0,0,0),(1309,39,30,'ty',-2.287,0,0,0,0),(1310,39,30,'tz',4.617,0,0,0,0),(1311,39,30,'ry',-47.398,0,0,0,0),(1312,39,38,'tx',0.3,0,0,0,0),(1313,39,38,'ty',-2.5,0,0,0,0),(1314,39,38,'tz',-5,0,0,0,0),(1315,39,38,'ry',70,0,0,0,0),(1344,40,29,'tx',-12,0,0,0,0),(1345,40,29,'ty',-1.781,0,0,0,0),(1346,40,29,'tz',-4.449,0,0,0,0),(1347,40,29,'ry',65.436,0,0,0,0),(1348,40,29,'rx',-84,0,0,0,0),(1349,40,29,'rz',0,0,0,0,0),(1350,40,30,'tx',-12,0,0,0,0),(1351,40,30,'ty',-2.287,0,0,0,0),(1352,40,30,'tz',4.617,0,0,0,0),(1353,40,30,'ry',-47.398,0,0,0,0),(1362,40,38,'tx',-12,0,0,0,0),(1363,40,38,'ty',-2.5,0,0,0,0),(1364,40,38,'tz',-5,0,0,0,0),(1365,40,38,'ry',70,0,0,0,0),(1366,37,31,'tx',-12,0,0,0,0),(1367,37,31,'ty',-2.499,0,0,0,0),(1368,37,31,'tz',4.027,0,0,0,0),(1369,37,31,'ry',155.031,0,0,0,0),(1370,40,31,'tx',2.21,0,0,0,0),(1371,40,31,'ty',-2.499,0,0,0,0),(1372,40,31,'tz',4.167,0,0,0,0),(1373,40,31,'ry',95.831,0,0,0,0),(1374,40,33,'tx',1.95,0,0,0,0),(1375,40,33,'ty',-3.15,0,0,0,0),(1376,40,33,'tz',3.95,0,0,0,0),(1377,40,33,'ry',29,0,0,0,0),(1378,40,33,'rx',0,0,0,0,0),(1379,40,33,'rz',0,0,0,0,0),(1380,37,33,'tx',10,0,0,0,0),(1381,37,33,'ty',-3.15,0,0,0,0),(1382,37,33,'tz',3.95,0,0,0,0),(1383,37,33,'ry',29,0,0,0,0),(1384,37,33,'rx',0,0,0,0,0),(1385,37,33,'rz',0,0,0,0,0),(1386,87,33,'tx',-3.05,0,0,0,0),(1387,87,33,'ty',-3.15,0,0,0,0),(1388,87,33,'tz',1.05,0,0,0,0),(1389,87,33,'ry',29,0,0,0,0),(1390,87,33,'rx',0,0,0,0,0),(1391,87,33,'rz',0,0,0,0,0),(1392,87,31,'tx',-0.99,0,0,0,0),(1393,87,31,'ty',-2.499,0,0,0,0),(1394,87,31,'tz',4.167,0,0,0,0),(1395,87,31,'ry',95.831,0,0,0,0),(1396,41,32,'tx',1.3,0,0,0,0),(1397,41,32,'ty',-0.06,0,0,0,0),(1398,41,32,'tz',2.428,0,0,0,0),(1399,41,32,'ry',-87.063,0,0,0,0),(1400,47,30,'tx',-12,0,0,0,0),(1401,47,30,'ty',-2.287,0,0,0,0),(1402,47,30,'tz',0.717,0,0,0,0),(1403,47,30,'ry',-47.398,0,0,0,0),(1404,47,31,'tx',-12,0,0,0,0),(1405,47,31,'ty',-2.549,0,0,0,0),(1406,47,31,'tz',4.027,0,0,0,0),(1407,47,31,'ry',25.031,0,0,0,0),(1408,47,32,'tx',-12,0,0,0,0),(1409,47,32,'ty',-0.06,0,0,0,0),(1410,47,32,'tz',2.428,0,0,0,0),(1411,47,32,'ry',122.937,0,0,0,0),(1412,47,33,'tx',-12,1,0,0,0),(1413,47,33,'ty',-2.45,1,0,0,0),(1414,47,33,'tz',2.14,1,0,0,0),(1415,47,33,'ry',29,1,0,0,0),(1416,47,33,'rx',0,1,0,0,0),(1417,47,33,'rz',0,1,0,0,0),(1418,47,34,'tx',8.101,1,0,0,0),(1419,47,34,'ty',-2.45,1,0,0,0),(1420,47,34,'tz',8.4,1,0,0,0),(1421,47,34,'ry',-73,1,0,0,0),(1422,47,34,'rx',0,0,0,0,0),(1423,47,34,'rz',0,0,0,0,0),(1424,47,35,'tx',-12,1,0,0,0),(1425,47,35,'ty',-2.45,1,0,0,0),(1426,47,35,'tz',4.4,1,0,0,0),(1427,47,35,'ry',0,1,0,0,0),(1428,47,35,'rx',-60,1,0,0,0),(1429,47,35,'rz',80,1,0,0,0),(1452,48,27,'Index',1,0,0,0,0),(1453,48,40,'tx',-5.65,0,0,0,0),(1454,48,40,'ty',-2.48,0,0,0,0),(1455,48,40,'tz',5.7,0,0,0,0),(1456,48,40,'ry',-87,0,0,0,0),(1457,48,43,'Index',2,0,0,0,0),(1458,48,43,'Subindex',0,0,0,0,0),(1459,48,29,'tx',1.2,0,0,0,0),(1460,48,29,'ty',-1.781,0,0,0,0),(1461,48,29,'tz',-4.449,0,0,0,0),(1462,48,29,'ry',65.436,0,0,0,0),(1463,48,29,'rx',-84,0,0,0,0),(1464,48,29,'rz',0,0,0,0,0),(1465,48,30,'tx',-2.41,0,0,0,0),(1466,48,30,'ty',-2.287,0,0,0,0),(1467,48,30,'tz',4.617,0,0,0,0),(1468,48,30,'ry',-47.398,0,0,0,0),(1469,47,27,'Index',0,0,0,0,0),(1470,47,43,'Index',0,0,0,0,0),(1471,47,43,'Subindex',0,0,0,0,0),(1472,15,42,'Index',0,0,0,0,0),(1473,15,42,'Subindex',0,0,0,0,0),(1474,15,43,'Index',0,1,0,0,0),(1475,15,43,'Subindex',0,1,0,0,0),(1476,15,29,'tx',9.884,1,0,0,0),(1477,15,29,'ty',-2.449,1,0,0,0),(1478,15,29,'tz',-6.649,1,0,0,0),(1479,15,29,'ry',20.436,1,0,0,0),(1480,15,29,'rx',0,1,0,0,0),(1481,15,29,'rz',0,1,0,0,0),(1482,15,30,'tx',0.978,1,0,0,0),(1483,15,30,'ty',-2.287,1,0,0,0),(1484,15,30,'tz',13.317,1,0,0,0),(1485,15,30,'ry',46.602,1,0,0,0),(1486,15,31,'tx',4.076,1,0,0,0),(1487,15,31,'ty',-2.449,1,0,0,0),(1488,15,31,'tz',12.327,1,0,0,0),(1489,15,31,'ry',104.031,1,0,0,0),(1490,15,32,'tx',-0.058,1,0,0,0),(1491,15,32,'ty',0,1,0,0,0),(1492,15,32,'tz',9.528,1,0,0,0),(1493,15,32,'ry',-140.063,1,0,0,0),(1494,15,33,'tx',-10.599,1,0,0,0),(1495,15,33,'ty',-2.45,1,0,0,0),(1496,15,33,'tz',7.5,1,0,0,0),(1497,15,33,'ry',83,1,0,0,0),(1498,15,33,'rx',0,1,0,0,0),(1499,15,33,'rz',0,1,0,0,0),(1500,15,34,'tx',8.801,1,0,0,0),(1501,15,34,'ty',-2.45,1,0,0,0),(1502,15,34,'tz',8.4,1,0,0,0),(1503,15,34,'ry',-73,1,0,0,0),(1504,15,34,'rx',0,0,0,0,0),(1505,15,34,'rz',0,0,0,0,0),(1506,15,35,'tx',11.801,1,0,0,0),(1507,15,35,'ty',-2.45,1,0,0,0),(1508,15,35,'tz',6.7,1,0,0,0),(1509,15,35,'ry',-140,1,0,0,0),(1510,15,35,'rx',-60,1,0,0,0),(1511,15,35,'rz',80,1,0,0,0),(1512,15,36,'tx',-11.899,1,0,0,0),(1513,15,36,'ty',-2.45,1,0,0,0),(1514,15,36,'tz',2.3,1,0,0,0),(1515,15,36,'ry',-70,1,0,0,0),(1516,15,37,'tx',12.201,1,0,0,0),(1517,15,37,'ty',-2.45,1,0,0,0),(1518,15,37,'tz',3.3,1,0,0,0),(1519,15,37,'ry',-126,1,0,0,0),(1520,15,38,'tx',-17.2,1,0,0,0),(1521,15,38,'ty',-2.5,1,0,0,0),(1522,15,38,'tz',11.3,1,0,0,0),(1523,15,38,'ry',0,1,0,0,0),(1524,15,39,'tx',-0.02,3,0,0,0),(1525,15,39,'ty',0,0,0,0,0),(1526,15,39,'tz',8.716,0,0,0,0),(1531,15,41,'tx',1.67,1,0,0,0),(1532,15,41,'ty',-2.47,1,0,0,0),(1533,15,41,'tz',7.8,1,0,0,0),(1534,15,41,'ry',-87,1,0,0,0),(1535,15,26,'Index',0,1,0,0,0),(1536,15,27,'Index',0,1,0,0,0),(1537,15,28,'Index',0,1,0,0,0),(1538,17,33,'tx',1.9,1,0,0,0),(1539,17,33,'ty',-2.45,1,0,0,0),(1540,17,33,'tz',7.9,1,0,0,0),(1541,17,33,'ry',17,1,0,0,0),(1542,17,33,'rx',0,1,0,0,0),(1543,17,33,'rz',0,1,0,0,0),(1550,16,33,'tx',1.9,1,0,0,0),(1551,16,33,'ty',-4.15,1,0,0,0),(1552,16,33,'tz',7.9,1,0,0,0),(1553,16,33,'ry',17,1,0,0,0),(1554,16,33,'rx',0,1,0,0,0),(1555,16,33,'rz',0,1,0,0,0),(1556,19,32,'tx',9.342,1,0,0,0),(1557,19,32,'ty',0,1,0,0,0),(1558,19,32,'tz',7.928,1,0,0,0),(1559,19,32,'ry',-140.063,1,0,0,0),(1560,19,33,'tx',7.6,1,0,0,0),(1561,19,33,'ty',-2.45,1,0,0,0),(1562,19,33,'tz',13.1,1,0,0,0),(1563,19,33,'ry',17,1,0,0,0),(1564,19,33,'rx',0,1,0,0,0),(1565,19,33,'rz',0,1,0,0,0),(1566,18,32,'tx',2.642,1,0,0,0),(1567,18,32,'ty',0,1,0,0,0),(1568,18,32,'tz',10.828,1,0,0,0),(1569,18,32,'ry',-290.063,1,0,0,0),(1570,18,33,'tx',1.9,1,0,0,0),(1571,18,33,'ty',-2.45,1,0,0,0),(1572,18,33,'tz',10.97,1,0,0,0),(1573,18,33,'ry',67,1,0,0,0),(1574,18,33,'rx',0,1,0,0,0),(1575,18,33,'rz',0,1,0,0,0),(1576,14,32,'tx',-7.258,1,0,0,0),(1577,14,32,'ty',0,1,0,0,0),(1578,14,32,'tz',10.828,1,0,0,0),(1579,14,32,'ry',-84.063,1,0,0,0),(1580,14,33,'tx',-10.599,1,0,0,0),(1581,14,33,'ty',-2.45,1,0,0,0),(1582,14,33,'tz',7.5,1,0,0,0),(1583,14,33,'ry',83,1,0,0,0),(1584,14,33,'rx',0,1,0,0,0),(1585,14,33,'rz',0,1,0,0,0),(1590,5,40,'tx',0.17,1,0,0,0),(1591,5,40,'ty',-2.55,1,0,0,0),(1592,5,40,'tz',7.5,1,0,0,0),(1593,5,40,'ry',-87,1,0,0,0),(1594,6,40,'tx',0.17,1,0,0,0),(1595,6,40,'ty',-2.55,1,0,0,0),(1596,6,40,'tz',7.5,1,0,0,0),(1597,6,40,'ry',-87,1,0,0,0),(1598,7,40,'tx',0.17,1,0,0,0),(1599,7,40,'ty',-2.55,1,0,0,0),(1600,7,40,'tz',7.5,1,0,0,0),(1601,7,40,'ry',-87,1,0,0,0),(1602,9,40,'tx',0.17,1,0,0,0),(1603,9,40,'ty',-2.55,1,0,0,0),(1604,9,40,'tz',7.5,1,0,0,0),(1605,9,40,'ry',-87,1,0,0,0),(1606,10,40,'tx',0.17,1,0,0,0),(1607,10,40,'ty',-2.55,1,0,0,0),(1608,10,40,'tz',7.5,1,0,0,0),(1609,10,40,'ry',-87,1,0,0,0),(1610,12,40,'tx',0.17,1,0,0,0),(1611,12,40,'ty',-2.55,1,0,0,0),(1612,12,40,'tz',7.5,1,0,0,0),(1613,12,40,'ry',-87,1,0,0,0),(1618,15,40,'tx',0.17,1,0,0,0),(1619,15,40,'ty',-2.55,1,0,0,0),(1620,15,40,'tz',7.5,1,0,0,0),(1621,15,40,'ry',-87,1,0,0,0),(1622,11,40,'tx',0.17,1,0,0,0),(1623,11,40,'ty',-2.55,1,0,0,0),(1624,11,40,'tz',7.5,1,0,0,0),(1625,11,40,'ry',-87,1,0,0,0),(1626,13,40,'tx',0.17,1,0,0,0),(1627,13,40,'ty',-2.55,1,0,0,0),(1628,13,40,'tz',7.5,1,0,0,0),(1629,13,40,'ry',-87,1,0,0,0),(1638,28,40,'tx',-0.87,1,0,0,0),(1639,28,40,'ty',-2.55,1,0,0,0),(1640,28,40,'tz',6,1,0,0,0),(1641,28,40,'ry',-87,1,0,0,0),(1642,23,40,'tx',-0.87,1,0,0,0),(1643,23,40,'ty',-2.55,1,0,0,0),(1644,23,40,'tz',6,1,0,0,0),(1645,23,40,'ry',-87,1,0,0,0),(1646,5,35,'rx',0,1,0,1,0),(1647,5,35,'rz',0,1,0,1,0),(1648,48,38,'tx',0.3,0,0,0,0),(1649,48,38,'ty',-2.5,0,0,0,0),(1650,48,38,'tz',-5,0,0,0,0),(1651,48,38,'ry',70,0,0,0,0),(1652,55,29,'tx',-12,0,0,0,0),(1653,55,29,'ty',-1.781,0,0,0,0),(1654,55,29,'tz',-4.449,0,0,0,0),(1655,55,29,'ry',65.436,0,0,0,0),(1656,55,29,'rx',-84,0,0,0,0),(1657,55,29,'rz',0,0,0,0,0),(1658,55,30,'tx',-2.41,0,0,0,0),(1659,55,30,'ty',-2.287,0,0,0,0),(1660,55,30,'tz',4.617,0,0,0,0),(1661,55,30,'ry',-47.398,0,0,0,0),(1662,55,31,'tx',-1.1,0,0,0,0),(1663,55,31,'ty',-2.349,0,0,0,0),(1664,55,31,'tz',2.127,0,0,0,0),(1665,55,31,'ry',210.031,0,0,0,0),(1666,55,32,'tx',0,0,0,0,0),(1667,55,32,'ty',-0.06,0,0,0,0),(1668,55,32,'tz',2.428,0,0,0,0),(1669,55,32,'ry',122.937,0,0,0,0),(1671,55,38,'tx',-12,0,0,0,0),(1672,55,38,'ty',-2.5,0,0,0,0),(1673,55,38,'tz',-5,0,0,0,0),(1674,55,38,'ry',70,0,0,0,0),(1675,55,26,'Index',1,1,0,0,0),(1676,55,43,'Index',0,0,0,0,0),(1677,55,43,'Subindex',0,0,0,0,0),(1678,45,30,'tx',0,0,0,0,0),(1679,45,30,'ty',-2.287,0,0,0,0),(1680,45,30,'tz',4.617,0,0,0,0),(1681,45,30,'ry',-47.398,0,0,0,0),(1686,5,42,'Index',0,0,0,0,0),(1687,5,42,'Subindex',0,0,0,0,0);
/*!40000 ALTER TABLE `cue_float_data` ENABLE KEYS */;
UNLOCK TABLES;

--
-- Table structure for table `fixture`
--

DROP TABLE IF EXISTS `fixture`;
/*!40101 SET @saved_cs_client     = @@character_set_client */;
/*!40101 SET character_set_client = utf8 */;
CREATE TABLE `fixture` (
  `id` bigint(20) unsigned NOT NULL AUTO_INCREMENT,
  `order` float DEFAULT 999,
  `name` varchar(255) DEFAULT NULL,
  `global_object_location` varchar(255) NOT NULL,
  `type` int(11) DEFAULT 0,
  `is_enabled` int(1) NOT NULL DEFAULT 1,
  PRIMARY KEY (`id`),
  UNIQUE KEY `device_path` (`global_object_location`) USING BTREE
) ENGINE=InnoDB AUTO_INCREMENT=46 DEFAULT CHARSET=utf8mb4;
/*!40101 SET character_set_client = @saved_cs_client */;

--
-- Dumping data for table `fixture`
--

LOCK TABLES `fixture` WRITE;
/*!40000 ALTER TABLE `fixture` DISABLE KEYS */;
INSERT INTO `fixture` VALUES (26,999,'net1','/project1/MESH_SCREENS/net1',0,1),(27,999,'net2','/project1/MESH_SCREENS/net2',0,1),(28,999,'net3','/project1/MESH_SCREENS/net3',0,1),(29,10,'Хари','/project1/ACTORS/HARI',0,1),(30,20,'Крис','/project1/ACTORS/KRIS',0,1),(31,30,'SNAUT','/project1/ACTORS/SNAUT',0,1),(32,40,'STRATTORIUS','/project1/ACTORS/STRATTORIUS',0,1),(33,50,'GIRLX','/project1/ACTORS/GIRLX',0,1),(34,60,'GIRLY','/project1/ACTORS/GIRLY',0,1),(35,70,'GIRLZ','/project1/ACTORS/GIRLZ',0,1),(36,80,'ZOMBIE','/project1/ACTORS/ZOMBIE',0,1),(37,90,'NIGHTSHADE','/project1/ACTORS/NIGHTSHADE',0,1),(38,100,'NOSILKI','/project1/SCENOGRAPHY/NOSILKI',0,1),(39,110,'STENA_1','/project1/SCENOGRAPHY/STENA_1',0,1),(40,120,'LIFT1','/project1/SCENOGRAPHY/LIFT1',0,1),(41,130,'LIFT','/project1/SCENOGRAPHY/LIFT',0,1),(42,1,'VideoProjectorContent','/project1/VideoProjectorContent',0,1),(43,2,'LASER_GEO','/project1/LASER_GEO',0,1),(44,3,'GlobalLights','/project1/GlobalLights',0,1),(45,4,'LocalLights','/project1/LocalLights',0,1);
/*!40000 ALTER TABLE `fixture` ENABLE KEYS */;
UNLOCK TABLES;

--
-- Table structure for table `fixture_float_data`
--

DROP TABLE IF EXISTS `fixture_float_data`;
/*!40101 SET @saved_cs_client     = @@character_set_client */;
/*!40101 SET character_set_client = utf8 */;
CREATE TABLE `fixture_float_data` (
  `id` bigint(20) unsigned NOT NULL AUTO_INCREMENT,
  `id_fixture` bigint(20) unsigned NOT NULL,
  `par_name` varchar(255) NOT NULL,
  `default_value` float NOT NULL DEFAULT 0,
  `fade_default` float NOT NULL DEFAULT 1,
  `delay_default` float NOT NULL DEFAULT 0,
  `is_enabled` int(1) DEFAULT 1,
  PRIMARY KEY (`id`),
  UNIQUE KEY `id` (`id`),
  KEY `id_fixture` (`id_fixture`)
) ENGINE=InnoDB AUTO_INCREMENT=104 DEFAULT CHARSET=utf8mb4;
/*!40101 SET character_set_client = @saved_cs_client */;

--
-- Dumping data for table `fixture_float_data`
--

LOCK TABLES `fixture_float_data` WRITE;
/*!40000 ALTER TABLE `fixture_float_data` DISABLE KEYS */;
INSERT INTO `fixture_float_data` VALUES (33,29,'tx',1.38567,1,0,1),(34,29,'ty',-2.44932,1,0,1),(35,29,'tz',8.4543,1,0,1),(36,29,'ry',-3.714,1,0,1),(37,30,'tx',0.1992,1,0,1),(38,30,'ty',-2.28705,1,0,1),(39,30,'tz',16.0682,1,0,1),(40,30,'ry',7.962,1,0,1),(41,31,'tx',1.77584,1,0,1),(42,31,'ty',-2.44932,1,0,1),(43,31,'tz',14.7644,1,0,1),(44,31,'ry',-13.909,1,0,1),(45,32,'tx',-0.55077,1,0,1),(46,32,'ty',0,1,0,1),(47,32,'tz',13.3764,1,0,1),(48,32,'ry',-70.493,1,0,1),(49,33,'tx',-10.5994,1,0,1),(50,33,'ty',-2.45,1,0,1),(51,33,'tz',7.5,1,0,1),(52,33,'ry',83,1,0,1),(53,34,'tx',-10.5994,1,0,1),(54,34,'ty',-2.45,1,0,1),(55,34,'tz',10.4,1,0,1),(56,34,'ry',0,1,0,1),(57,35,'tx',11.8006,1,0,1),(58,35,'ty',-2.45,1,0,1),(59,35,'tz',6.7,1,0,1),(60,35,'ry',-140,1,0,1),(61,36,'tx',-11.8994,1,0,1),(62,36,'ty',-2.45,1,0,1),(63,36,'tz',2.3,1,0,1),(64,36,'ry',-70,1,0,1),(65,37,'tx',12.2006,1,0,1),(66,37,'ty',-2.45,1,0,1),(67,37,'tz',3.3,1,0,1),(68,37,'ry',-126,1,0,1),(69,26,'Index',0,1,0,1),(70,27,'Index',0,1,0,1),(71,28,'Index',0,1,0,1),(72,38,'tx',-1.8,1,0,1),(73,38,'ty',-2.5,1,0,1),(74,38,'tz',13.3713,1,0,1),(75,38,'ry',44.121,1,0,1),(76,40,'tx',1.67,1,0,1),(77,40,'ty',-2.6116,1,0,1),(78,40,'tz',7.5,1,0,1),(79,40,'ry',-87,1,0,1),(80,41,'tx',1.67,1,0,1),(81,41,'ty',-2.47,1,0,1),(82,41,'tz',7.8,1,0,1),(83,41,'ry',-87,1,0,1),(84,42,'Index',0,1,0,1),(85,43,'Index',0,1,0,1),(86,43,'Subindex',0,1,0,1),(87,42,'Subindex',0,1,0,1),(92,39,'tx',-10,1,0,1),(93,39,'ty',0,1,0,1),(95,29,'rx',0,1,0,1),(96,29,'rz',0,1,0,1),(97,39,'tz',8.716,1,0,1),(98,33,'rx',0,1,0,1),(99,33,'rz',0,1,0,1),(100,34,'rx',0,1,0,1),(101,34,'rz',0,1,0,1),(102,35,'rx',0,1,0,1),(103,35,'rz',0,1,0,1);
/*!40000 ALTER TABLE `fixture_float_data` ENABLE KEYS */;
UNLOCK TABLES;

--
-- Temporary table structure for view `все приборы и их поля`
--

DROP TABLE IF EXISTS `все приборы и их поля`;
/*!50001 DROP VIEW IF EXISTS `все приборы и их поля`*/;
SET @saved_cs_client     = @@character_set_client;
SET character_set_client = utf8;
/*!50001 CREATE TABLE `все приборы и их поля` (
  `name` tinyint NOT NULL,
  `global_object_location` tinyint NOT NULL,
  `par_name` tinyint NOT NULL,
  `type` tinyint NOT NULL
) ENGINE=MyISAM */;
SET character_set_client = @saved_cs_client;

--
-- Temporary table structure for view `ключи`
--

DROP TABLE IF EXISTS `ключи`;
/*!50001 DROP VIEW IF EXISTS `ключи`*/;
SET @saved_cs_client     = @@character_set_client;
SET character_set_client = utf8;
/*!50001 CREATE TABLE `ключи` (
  `Номер` tinyint NOT NULL,
  `Название` tinyint NOT NULL,
  `Кол-во полей` tinyint NOT NULL
) ENGINE=MyISAM */;
SET character_set_client = @saved_cs_client;

--
-- Temporary table structure for view `поля внутри ключей`
--

DROP TABLE IF EXISTS `поля внутри ключей`;
/*!50001 DROP VIEW IF EXISTS `поля внутри ключей`*/;
SET @saved_cs_client     = @@character_set_client;
SET character_set_client = utf8;
/*!50001 CREATE TABLE `поля внутри ключей` (
  `Номер` tinyint NOT NULL,
  `Название` tinyint NOT NULL,
  `Девайс` tinyint NOT NULL,
  `Путь к объекту` tinyint NOT NULL,
  `Поле` tinyint NOT NULL,
  `Значение` tinyint NOT NULL,
  `fade_in` tinyint NOT NULL,
  `fade_out` tinyint NOT NULL
) ENGINE=MyISAM */;
SET character_set_client = @saved_cs_client;

--
-- Final view structure for view `все приборы и их поля`
--

/*!50001 DROP TABLE IF EXISTS `все приборы и их поля`*/;
/*!50001 DROP VIEW IF EXISTS `все приборы и их поля`*/;
/*!50001 SET @saved_cs_client          = @@character_set_client */;
/*!50001 SET @saved_cs_results         = @@character_set_results */;
/*!50001 SET @saved_col_connection     = @@collation_connection */;
/*!50001 SET character_set_client      = utf8mb4 */;
/*!50001 SET character_set_results     = utf8mb4 */;
/*!50001 SET collation_connection      = utf8mb4_general_ci */;
/*!50001 CREATE ALGORITHM=UNDEFINED */
/*!50013 DEFINER=`root`@`localhost` SQL SECURITY DEFINER */
/*!50001 VIEW `все приборы и их поля` AS select `fixture`.`name` AS `name`,`fixture`.`global_object_location` AS `global_object_location`,`fixture_float_data`.`par_name` AS `par_name`,`fixture`.`type` AS `type` from (`fixture` join `fixture_float_data`) where `fixture`.`id` = `fixture_float_data`.`id_fixture` */;
/*!50001 SET character_set_client      = @saved_cs_client */;
/*!50001 SET character_set_results     = @saved_cs_results */;
/*!50001 SET collation_connection      = @saved_col_connection */;

--
-- Final view structure for view `ключи`
--

/*!50001 DROP TABLE IF EXISTS `ключи`*/;
/*!50001 DROP VIEW IF EXISTS `ключи`*/;
/*!50001 SET @saved_cs_client          = @@character_set_client */;
/*!50001 SET @saved_cs_results         = @@character_set_results */;
/*!50001 SET @saved_col_connection     = @@collation_connection */;
/*!50001 SET character_set_client      = utf8mb4 */;
/*!50001 SET character_set_results     = utf8mb4 */;
/*!50001 SET collation_connection      = utf8mb4_general_ci */;
/*!50001 CREATE ALGORITHM=UNDEFINED */
/*!50013 DEFINER=`root`@`localhost` SQL SECURITY DEFINER */
/*!50001 VIEW `ключи` AS select `cue`.`order` AS `Номер`,`cue`.`name` AS `Название`,(select count(0) from `cue_float_data` where `cue_float_data`.`id_cue` = `cue`.`id`) AS `Кол-во полей` from `cue` order by `cue`.`order` */;
/*!50001 SET character_set_client      = @saved_cs_client */;
/*!50001 SET character_set_results     = @saved_cs_results */;
/*!50001 SET collation_connection      = @saved_col_connection */;

--
-- Final view structure for view `поля внутри ключей`
--

/*!50001 DROP TABLE IF EXISTS `поля внутри ключей`*/;
/*!50001 DROP VIEW IF EXISTS `поля внутри ключей`*/;
/*!50001 SET @saved_cs_client          = @@character_set_client */;
/*!50001 SET @saved_cs_results         = @@character_set_results */;
/*!50001 SET @saved_col_connection     = @@collation_connection */;
/*!50001 SET character_set_client      = utf8mb4 */;
/*!50001 SET character_set_results     = utf8mb4 */;
/*!50001 SET collation_connection      = utf8mb4_general_ci */;
/*!50001 CREATE ALGORITHM=UNDEFINED */
/*!50013 DEFINER=`root`@`localhost` SQL SECURITY DEFINER */
/*!50001 VIEW `поля внутри ключей` AS select `cue`.`order` AS `Номер`,`cue`.`name` AS `Название`,`fixture`.`name` AS `Девайс`,`fixture`.`global_object_location` AS `Путь к объекту`,`cue_float_data`.`par_name` AS `Поле`,`cue_float_data`.`par_value` AS `Значение`,`cue_float_data`.`fade_in` AS `fade_in`,`cue_float_data`.`fade_out` AS `fade_out` from ((`cue` join `cue_float_data`) join `fixture`) where `cue`.`id` = `cue_float_data`.`id_cue` and `cue_float_data`.`id_fixture` = `fixture`.`id` order by `cue`.`order` */;
/*!50001 SET character_set_client      = @saved_cs_client */;
/*!50001 SET character_set_results     = @saved_cs_results */;
/*!50001 SET collation_connection      = @saved_col_connection */;
/*!40103 SET TIME_ZONE=@OLD_TIME_ZONE */;

/*!40101 SET SQL_MODE=@OLD_SQL_MODE */;
/*!40014 SET FOREIGN_KEY_CHECKS=@OLD_FOREIGN_KEY_CHECKS */;
/*!40014 SET UNIQUE_CHECKS=@OLD_UNIQUE_CHECKS */;
/*!40101 SET CHARACTER_SET_CLIENT=@OLD_CHARACTER_SET_CLIENT */;
/*!40101 SET CHARACTER_SET_RESULTS=@OLD_CHARACTER_SET_RESULTS */;
/*!40101 SET COLLATION_CONNECTION=@OLD_COLLATION_CONNECTION */;
/*!40111 SET SQL_NOTES=@OLD_SQL_NOTES */;

-- Dump completed on 2021-10-25  8:05:54
