-- MariaDB dump 10.18  Distrib 10.4.17-MariaDB, for Win64 (AMD64)
--
-- Host: localhost    Database: curycue
-- ------------------------------------------------------
-- Server version	10.4.17-MariaDB

/*!40101 SET @OLD_CHARACTER_SET_CLIENT=@@CHARACTER_SET_CLIENT */;
/*!40101 SET @OLD_CHARACTER_SET_RESULTS=@@CHARACTER_SET_RESULTS */;
/*!40101 SET @OLD_COLLATION_CONNECTION=@@COLLATION_CONNECTION */;
/*!40101 SET NAMES utf8mb4 */;
/*!40103 SET @OLD_TIME_ZONE=@@TIME_ZONE */;
/*!40103 SET TIME_ZONE='+00:00' */;
/*!40014 SET @OLD_UNIQUE_CHECKS=@@UNIQUE_CHECKS, UNIQUE_CHECKS=0 */;
/*!40014 SET @OLD_FOREIGN_KEY_CHECKS=@@FOREIGN_KEY_CHECKS, FOREIGN_KEY_CHECKS=0 */;
/*!40101 SET @OLD_SQL_MODE=@@SQL_MODE, SQL_MODE='NO_AUTO_VALUE_ON_ZERO' */;
/*!40111 SET @OLD_SQL_NOTES=@@SQL_NOTES, SQL_NOTES=0 */;

--
-- Table structure for table `cue`
--

DROP TABLE IF EXISTS `cue`;
/*!40101 SET @saved_cs_client     = @@character_set_client */;
/*!40101 SET character_set_client = utf8 */;
CREATE TABLE `cue` (
  `id` bigint(20) unsigned NOT NULL AUTO_INCREMENT,
  `order` float DEFAULT NULL,
  `name` varchar(255) DEFAULT NULL,
  `memo` text NOT NULL DEFAULT ' ',
  `type` enum('Regular') NOT NULL DEFAULT 'Regular',
  `update_mode` enum('Stored','All') NOT NULL DEFAULT 'Stored',
  `osc_bind` varchar(255) DEFAULT NULL,
  `dmx_bind` int(11) DEFAULT NULL,
  `linked` tinyint(2) DEFAULT NULL,
  `is_enabled` tinyint(1) DEFAULT 1,
  `order_new` float DEFAULT NULL,
  PRIMARY KEY (`id`),
  KEY `order` (`order`)
) ENGINE=InnoDB AUTO_INCREMENT=175 DEFAULT CHARSET=utf8mb4;
/*!40101 SET character_set_client = @saved_cs_client */;

--
-- Dumping data for table `cue`
--

LOCK TABLES `cue` WRITE;
/*!40000 ALTER TABLE `cue` DISABLE KEYS */;
INSERT INTO `cue` VALUES (5,0,'Пустота-тишина','','Regular','Stored',NULL,NULL,NULL,1,0),(6,50,'Калибровка проектора','','Regular','Stored',NULL,NULL,NULL,1,50),(7,100,'ЗТМ','','Regular','Stored',NULL,NULL,NULL,1,100),(9,150,'1 (экспозиция)','','Regular','Stored',NULL,NULL,NULL,1,150),(14,400,'ТИТРЫ','','Regular','Stored',NULL,NULL,1,1,400),(15,920,'4 ::  Крис  на столе :: КАМЕРА','\"КРИС. К тебе уже приходил кто-то?\" + С ВОЗВРАЩЕНИЕМ СВЕТА. ','Regular','Stored',NULL,NULL,NULL,1,450),(20,801,'3 :: (Разговор Криса и Хари)(лазер)','камера, кей и фон - проекция на 1-ю сетку','Regular','Stored',NULL,NULL,NULL,0,750),(21,802,'3 :: Крис и Хари на столе (+Камера)(OSC WAIT)','СРАЗУ ПОСЛЕ ТИТРОВ','Regular','Stored',NULL,NULL,NULL,1,800),(22,2425,'7 ::: REJECTON','АВТО OSC','Regular','Stored',NULL,NULL,NULL,1,850),(23,700,'__из_2_в_3__ (ЗТМ)','уходит 0-я сетка','Regular','Stored',NULL,NULL,NULL,0,700),(25,950,'4 :: Картина лазером +','Вбегает  САРТОРИУС','Regular','Stored',NULL,NULL,NULL,1,950),(30,1200,'4 :: удушение - красная хрень','СНАУТ и САРТОРИУС разными способами убивают своих фантомов, те оживают и борьба начинается снова. ','Regular','Stored',NULL,NULL,NULL,0,1200),(34,1400,'5 :: (Хари  Крис) +cam','Легли на стол с осветом','Regular','Stored',NULL,NULL,NULL,1,1400),(37,1550,'5 :: (Хари  Крис) (исследование)','Крис уходит','Regular','Stored',NULL,NULL,0,1,1550),(48,2150,'7 ::: ЛАЗЕРЫ +','Сразу как Крис и Хари на столе + по свету','Regular','Stored',NULL,NULL,1,1,2150),(54,2450,'8 :: МУЖИКИ РАЗГОВАРИВАЮТ, ИЗОКВАДРАТ(мандула) СВЕТИТ В ГЛАЗ','','Regular','Stored',NULL,NULL,0,1,2450),(55,2500,'Сцена-8-1 (Крис  Снаут  Сарториус)','Расчеты таковы: если мы обесточим его, то удастся выиграть время. Лаборатория окажется в зоне, свободной от фантомов. ','Regular','Stored',NULL,NULL,NULL,0,2500),(56,2550,'Сцена-8-2 (Крис  Снаут  Сарториус)','Бред. Это разговор с шизофреника с шизофреником!','Regular','Stored',NULL,NULL,NULL,0,2550),(57,2600,'Сцена-8-3 (Крис  Снаут  Сарториус)','','Regular','Stored',NULL,NULL,NULL,0,2600),(58,2650,'Сцена-8-4 (Крис  Снаут  Сарториус)','','Regular','Stored',NULL,NULL,NULL,0,2650),(59,2700,'Сцена-8-5 (Крис  Снаут  Сарториус)','КРИС. А может Солярис — только младенец , может, жизненные силы его детства пока превосходят его разум, и все наши исследования, — длинный перечень его младенческих рефлексов...., мы игрушки в его руках…он с нами играет…','Regular','Stored',NULL,NULL,NULL,0,2700),(60,2750,'Сцена-8-6 (Крис  Снаут  Сарториус)(Снаут выходит)','','Regular','Stored',NULL,NULL,NULL,0,2750),(61,2800,'Сцена-8-7 (Крис  Снаут  Сарториус)','СНАУТ. А она во всех отношениях… качественная?','Regular','Stored',NULL,NULL,NULL,0,2800),(62,2850,'Сцена-8-8 (Крис  Снаут  Сарториус)','','Regular','Stored',NULL,NULL,NULL,0,2850),(63,2900,'__из 8 в 9__','','Regular','Stored',NULL,NULL,NULL,0,2900),(64,2950,'Сцена-9-1 (Крис и Хари)','','Regular','Stored',NULL,NULL,NULL,0,2950),(65,3000,'Сцена-9-2 (Крис и Хари)','','Regular','Stored',NULL,NULL,NULL,0,3000),(66,3050,'Сцена-9-3 (Крис и Хари)','','Regular','Stored',NULL,NULL,NULL,0,3050),(67,3100,'Сцена-9-4 (Крис и Хари)','','Regular','Stored',NULL,NULL,NULL,0,3100),(68,3150,'Сцена-9-5 (Крис и Хари)','','Regular','Stored',NULL,NULL,NULL,0,3150),(69,3200,'Сцена-9-6 (Крис и Хари)','','Regular','Stored',NULL,NULL,NULL,0,3200),(70,3250,'__из 9 в 10__','','Regular','Stored',NULL,NULL,NULL,0,3250),(71,3300,'Сцена-10-1 (Монологи Снаута и Сарториуса)','','Regular','Stored',NULL,NULL,NULL,0,3300),(72,3350,'Сцена-10-1 (Монологи Снаута и Сарториуса)','','Regular','Stored',NULL,NULL,NULL,0,3350),(73,3400,'Сцена-10-2 (Монологи Снаута и Сарториуса)','','Regular','Stored',NULL,NULL,NULL,0,3400),(74,3450,'Сцена-10-3 (Монологи Снаута и Сарториуса)','','Regular','Stored',NULL,NULL,NULL,0,3450),(75,3500,'Сцена-10-4 (Монологи Снаута и Сарториуса)','','Regular','Stored',NULL,NULL,NULL,0,3500),(76,3550,'Сцена-10-5 (Монологи Снаута и Сарториуса)','','Regular','Stored',NULL,NULL,NULL,0,3550),(77,3600,'Сцена-10-6 (Монологи Снаута и Сарториуса)','','Regular','Stored',NULL,NULL,NULL,0,3600),(78,3650,'Сцена-10-7 (Монологи Снаута и Сарториуса)','','Regular','Stored',NULL,NULL,NULL,0,3650),(81,3845,'Лазерная плоскость  (сброс)','Увели Баха, пятно на Девчонках исчезло или 1 минута с момента как появились Девч.','Regular','Stored',NULL,NULL,1,1,3800),(82,3850,'Лазерная плоскость :: уход внутрь сцены','Солнце, \"если космос твой дом\" или он начинает двигаться','Regular','Stored',NULL,NULL,1,1,3850),(86,4050,'THE END','THE END','Regular','Stored',NULL,NULL,NULL,1,4050),(91,1250.1,'ЗТМ, чтобы Крис и Хари залезли на стол ','Ушел сарториус','Regular','Stored',NULL,NULL,NULL,1,NULL),(92,2100.1,'ТИТР ::: АНГЕЛЫ РЕЙМСА 1','40 сек','Regular','Stored',NULL,NULL,1,1,NULL),(93,150.1,'1-экспозиция(мышь)','','Regular','Stored',NULL,NULL,NULL,1,NULL),(94,150.2,'1 :: (крис)(поехали)','','Regular','Stored',NULL,NULL,NULL,1,NULL),(95,150.3,'1 :: (приехали)','','Regular','Stored',NULL,NULL,NULL,1,NULL),(96,150.4,'1 :: (поехали)(хари)','','Regular','Stored',NULL,NULL,NULL,1,NULL),(97,160,'1 :: (поехали)(дочь)(приехали)','','Regular','Stored',NULL,NULL,NULL,1,NULL),(99,170,'1 :: (поехали)(дочь)(приехали)(scan)(stop)','','Regular','Stored',NULL,NULL,NULL,1,NULL),(100,151,'1 :: (поехали)(хари)(приехали)(scan +)','час назад он повесился','Regular','Stored',NULL,NULL,NULL,1,NULL),(101,155,'1 :: (экспозиция)(поехали)(дочь)','','Regular','Stored',NULL,NULL,NULL,1,NULL),(102,152,'1 :: (поехали)(хари)(приехали)(убийство-red)','','Regular','Stored',NULL,NULL,NULL,1,NULL),(104,171,'1 :: (приехали)(дочь)(line +)','','Regular','Stored',NULL,NULL,NULL,1,NULL),(105,152.1,'1 :: (поехали)(хари)(приехали)(scan -)','','Regular','Stored',NULL,NULL,NULL,1,NULL),(106,172,'1 :: (поехали)(дочь)(line-)','Деточка и Сарториус уходят','Regular','Stored',NULL,NULL,NULL,1,NULL),(108,925,'4 :: ЗТМ','Встал со стола','Regular','Stored',NULL,NULL,0,1,NULL),(110,173,'1 :: ZTM','3 сек','Regular','Stored',NULL,NULL,1,1,NULL),(119,802.1,'3 :: Крис и Хари на столе, КРИК (ANIMATION START)','Крис, ты бросил меня и сошла с ума','Regular','Stored',NULL,NULL,NULL,1,NULL),(120,1650.1,'6 :: НАЧАЛО ДВИЖЕНИЯ КОРРИДОРА','Два раза пробежала фантомка, снаут её поймал','Regular','Stored',NULL,NULL,NULL,1,NULL),(121,1650.2,'6 :: ПРЕВРАЩЕНИЕ В КОМНАТУ','КАК СНАУТ СЕЛ НА ТОЧКУ','Regular','Stored',NULL,NULL,1,1,NULL),(122,1550.1,'5 ::: (Хари  Крис) (исследование)(switch)','авто с предыдущего спустя 5 сек запускает звук','Regular','Stored',NULL,NULL,1,1,NULL),(123,1650.3,'6 :: (КУДА_ТО_СЮДА_КАМЕРУ2) ДРУГАЯ КОМНАТА : switch','СРАЗУ ВКЛЮЧАЕМ, ТЕХНИЧЕСКИЙ КЛЮЧ','Regular','Stored',NULL,NULL,NULL,1,NULL),(125,1400.1,'5 :: (Хари  Крис) -cam','Я не хочу, чтобы ты уходила, этого недостаточно?  (с уходом света)','Regular','Stored',NULL,NULL,1,1,NULL),(126,910,'4 ::  Крис  на столе :: ЗТМ','С УХОДОМ СВЕТА. УБИРАЕМ ЭФФЕКТЫ','Regular','Stored',NULL,NULL,0,1,NULL),(127,1600,'6 :: КОРИДОР ДЛЯ СНАУТА','Авто с предыдущего','Regular','Stored',NULL,NULL,NULL,1,NULL),(128,1650.4,'6 :: ДРУГАЯ КОМНАТА : transform','сразу после поднятия стенки','Regular','Stored',NULL,NULL,1,1,NULL),(131,1658,'6 :: ДРУГАЯ КОМНАТА : левая плокскость up','','Regular','Stored',NULL,NULL,NULL,1,NULL),(132,1659,'6 :: ДРУГАЯ КОМНАТА : левая плокскость down','','Regular','Stored',NULL,NULL,NULL,1,NULL),(133,1669,'6 :: ДРУГАЯ КОМНАТА : левая плокскость строб','40 сек держим и перепрыг на титры','Regular','Stored',NULL,NULL,1,1,NULL),(134,1650.7,'6 :: ДРУГАЯ КОМНАТА : + анимация ','','Regular','Stored',NULL,NULL,NULL,1,NULL),(135,1671,'6 :: ДРУГАЯ КОМНАТА : ЗТМ','','Regular','Stored',NULL,NULL,1,1,NULL),(136,2100.2,'ТИТР ::: АНГЕЛЫ РЕЙМСА 2','','Regular','Stored',NULL,NULL,1,1,NULL),(137,2100.3,'ТИТР ::: АНГЕЛЫ РЕЙМСА 3','','Regular','Stored',NULL,NULL,1,1,NULL),(138,2110,'ЗТМ','','Regular','Stored',NULL,NULL,1,1,NULL),(139,2425.1,'7 ::: REJECTON :: MANUAL PLAY','Если не сработало OSC, если сработало, то перепрыг \"Ты снова захочешь уйти?\"','Regular','Stored',NULL,NULL,NULL,1,NULL),(142,3847,'Лазерная плоскость (коридор)','Монолог Сарториуса \"я отдал этому всю свою жизнь\"','Regular','Stored',NULL,NULL,0,1,NULL),(144,3848,'Лазерная плоскость  :: повороты','Скрежет баса','Regular','Stored',NULL,NULL,1,1,NULL),(145,3849,'Лазерная плоскость ::  -> плоскость','-','Regular','Stored',NULL,NULL,NULL,1,NULL),(146,1650.3,'6 :: ДРУГАЯ КОМНАТА: правая плоскость up','САРТОРИУС ПОЯВЛЯЕТСЯ СПРАВА','Regular','Stored',NULL,NULL,NULL,1,NULL),(147,1650.3,'6 :: ДРУГАЯ КОМНАТА: правая плоскость down','пропускаем','Regular','Stored',NULL,NULL,1,1,NULL),(151,3846,'Лазерная плоскость  (fade in)','Увели Баха, пятно на Девчонках исчезло или 1 минута с момента как появились Девч.','Regular','Stored',NULL,NULL,0,1,NULL),(152,1200.1,'4 :: удушение - красная хрень(new)','СНАУТ и САРТОРИУС разными способами убивают своих фантомов, те оживают и борьба начинается снова. ','Regular','Stored',NULL,NULL,NULL,0,NULL),(153,152.2,'1 :: (поехали)(хари)(жижа+)','Коллеги, остановите свой человеческий ужас','Regular','Stored',NULL,NULL,NULL,1,NULL),(154,152.3,'1 :: (поехали)(хари)(жижа-)','','Regular','Stored',NULL,NULL,NULL,1,NULL),(155,950.1,'4 :: Жесть-танец-1','С музыкой (Henryloop)','Regular','Stored',NULL,NULL,NULL,1,NULL),(156,950.2,'4 :: Жесть-танец-2','На скрежет баса','Regular','Stored',NULL,NULL,NULL,1,NULL),(157,950.3,'4 :: Жесть-танец-3 (снаут ломает шею) ','Начинает ломать шею','Regular','Stored',NULL,NULL,NULL,1,NULL),(158,950.4,'4 :: Жесть-танец-3 ::снаут ломает шею :: конец','Закончил ломать шею','Regular','Stored',NULL,NULL,NULL,1,NULL),(159,950.5,'4 :: Сарториус :: жесть-танец 1 ','По музыке','Regular','Stored',NULL,NULL,NULL,1,NULL),(160,950.6,'4 :: Сарториус :: жесть-танец :: красно :: анимация','на срежет баса','Regular','Stored',NULL,NULL,NULL,1,NULL),(161,950.7,'4 :: Сарториус :: жесть-танец :: красно :: пауза на кульминации','на появлении САРТОРИУСА','Regular','Stored',NULL,NULL,NULL,1,NULL),(162,950.8,'4 :: Сарториус :: жесть-танец :: красно :: resume','на появлении САРТОРИУСА','Regular','Stored',NULL,NULL,NULL,1,NULL),(163,401,'ТИТРЫ (50 сек)','~50 сек авто','Regular','Stored',NULL,NULL,1,1,NULL),(165,3850.1,'МОНОЛОГ - МЕДИА ОТДЫХАЕТ ','зажигается солнце переход','Regular','Stored',NULL,NULL,NULL,1,NULL),(166,3853,'StopDying','В середине монолога ( OSC PING STANDBY )','Regular','Stored',NULL,NULL,NULL,1,NULL),(167,3853.1,'StopDying(GO - если проебался запуск со звука)','зажигается солнце переход','Regular','Stored',NULL,NULL,NULL,1,NULL),(168,2100.4,'ТИТР ::: АНГЕЛЫ РЕЙМСА 4','','Regular','Stored',NULL,NULL,1,1,NULL),(170,2451,'ЗТМ','ПОСЛЕ ТОГО КАК ЧУВАКИ ВТЫКАЮТ НА РАСПЯТИЕ ПОД БАХА','Regular','Stored',NULL,NULL,NULL,1,NULL),(171,1660,'6 :: ДРУГАЯ КОМНАТА : левая плокскость up 2','','Regular','Stored',NULL,NULL,NULL,1,NULL),(173,2450.1,'8 :: ИЗОКВАДРАТ УХОДИТ ','','Regular','Stored',NULL,NULL,1,1,NULL),(174,2110.1,'ЗТМ-2 (ОТКЛЮЧАЕМ КАМЕРУ НА СТОЛ, НЕ НУЖНА БОЛЬШЕ)','','Regular','Stored',NULL,NULL,1,1,NULL);
/*!40000 ALTER TABLE `cue` ENABLE KEYS */;
UNLOCK TABLES;

--
-- Table structure for table `cue_float_data`
--

DROP TABLE IF EXISTS `cue_float_data`;
/*!40101 SET @saved_cs_client     = @@character_set_client */;
/*!40101 SET character_set_client = utf8 */;
CREATE TABLE `cue_float_data` (
  `id` bigint(20) unsigned NOT NULL AUTO_INCREMENT,
  `id_cue` bigint(20) unsigned NOT NULL,
  `id_fixture` bigint(20) unsigned NOT NULL,
  `par_name` varchar(255) NOT NULL,
  `par_value` float DEFAULT 0,
  `par_text_value` text NOT NULL,
  `fade_in` float DEFAULT 0,
  `fade_out` float DEFAULT 0,
  `delay_in` float DEFAULT 0,
  `delay_out` float DEFAULT 0,
  PRIMARY KEY (`id`),
  UNIQUE KEY `id` (`id`),
  UNIQUE KEY `Unique_index` (`id_cue`,`id_fixture`,`par_name`),
  KEY `id_fixture` (`id_fixture`) USING BTREE,
  KEY `par_name` (`par_name`) USING BTREE,
  KEY `id_cue` (`id_cue`) USING BTREE
) ENGINE=InnoDB AUTO_INCREMENT=2479 DEFAULT CHARSET=utf8mb4;
/*!40101 SET character_set_client = @saved_cs_client */;

--
-- Dumping data for table `cue_float_data`
--

LOCK TABLES `cue_float_data` WRITE;
/*!40000 ALTER TABLE `cue_float_data` DISABLE KEYS */;
INSERT INTO `cue_float_data` VALUES (186,9,26,'Index',0,'',1,0,0,0),(187,9,27,'Index',0,'',1,0,0,0),(188,9,28,'Index',0,'',1,0,0,0),(205,9,33,'tx',-10.599,'',1,0,0,0),(206,9,33,'ty',-2.45,'',1,0,0,0),(207,9,33,'tz',7.5,'',1,0,0,0),(208,9,33,'ry',83,'',1,0,0,0),(209,9,34,'tx',-10.599,'',1,0,0,0),(210,9,34,'ty',-2.45,'',1,0,0,0),(211,9,34,'tz',10.4,'',1,0,0,0),(212,9,34,'ry',0,'',1,0,0,0),(213,9,35,'tx',11.801,'',1,0,0,0),(214,9,35,'ty',-2.45,'',1,0,0,0),(215,9,35,'tz',6.7,'',1,0,0,0),(216,9,35,'ry',-140,'',1,0,0,0),(217,9,36,'tx',-11.899,'',1,0,0,0),(218,9,36,'ty',-2.45,'',1,0,0,0),(219,9,36,'tz',2.3,'',1,0,0,0),(220,9,36,'ry',-70,'',1,0,0,0),(221,9,37,'tx',12.201,'',1,0,0,0),(222,9,37,'ty',-2.45,'',1,0,0,0),(223,9,37,'tz',3.3,'',1,0,0,0),(224,9,37,'ry',-126,'',1,0,0,0),(225,9,38,'tx',-17.2,'',1,0,0,0),(226,9,38,'ty',-2.5,'',1,0,0,0),(227,9,38,'tz',11.3,'',1,0,0,0),(228,9,38,'ry',0,'',1,0,0,0),(233,9,41,'tx',1.67,'',1,0,0,0),(234,9,41,'ty',-2.47,'',1,0,0,0),(235,9,41,'tz',7.8,'',1,0,0,0),(236,9,41,'ry',-87,'',1,0,0,0),(245,5,26,'Index',0,'',1,0,0,0),(246,5,27,'Index',0,'',1,0,0,0),(247,5,28,'Index',0,'',1,0,0,0),(264,5,33,'tx',-10.599,'',1,0,0,0),(265,5,33,'ty',-2.45,'',1,0,0,0),(266,5,33,'tz',7.5,'',1,0,0,0),(267,5,33,'ry',83,'',1,0,0,0),(268,5,34,'tx',-10.599,'',1,0,0,0),(269,5,34,'ty',-2.45,'',1,0,0,0),(270,5,34,'tz',10.4,'',1,0,0,0),(271,5,34,'ry',0,'',1,0,0,0),(272,5,35,'tx',11.801,'',1,0,0,0),(273,5,35,'ty',-2.45,'',1,0,0,0),(274,5,35,'tz',6.7,'',1,0,0,0),(275,5,35,'ry',-140,'',1,0,0,0),(276,5,36,'tx',-11.899,'',1,0,0,0),(277,5,36,'ty',-2.45,'',1,0,0,0),(278,5,36,'tz',2.3,'',1,0,0,0),(279,5,36,'ry',-70,'',1,0,0,0),(280,5,37,'tx',12.201,'',1,0,0,0),(281,5,37,'ty',-2.45,'',1,0,0,0),(282,5,37,'tz',3.3,'',1,0,0,0),(283,5,37,'ry',-126,'',1,0,0,0),(292,5,41,'tx',1.67,'',1,0,0,0),(293,5,41,'ty',-2.47,'',1,0,0,0),(294,5,41,'tz',7.8,'',1,0,0,0),(295,5,41,'ry',-87,'',1,0,0,0),(304,6,26,'Index',0,'',1,0,0,0),(305,6,27,'Index',0,'',1,0,0,0),(306,6,28,'Index',0,'',1,0,0,0),(311,6,30,'tx',2.278,'',1,0,0,0),(312,6,30,'ty',-2.287,'',1,0,0,0),(313,6,30,'tz',11.217,'',1,0,0,0),(314,6,30,'ry',-121.398,'',1,0,0,0),(315,6,31,'tx',1.776,'',1,0,0,0),(316,6,31,'ty',-2.449,'',1,0,0,0),(317,6,31,'tz',8.527,'',1,0,0,0),(318,6,31,'ry',-150.969,'',1,0,0,0),(319,6,32,'tx',-2.558,'',1,0,0,0),(320,6,32,'ty',0,'',1,0,0,0),(321,6,32,'tz',13.128,'',1,0,0,0),(322,6,32,'ry',-170.063,'',1,0,0,0),(323,6,33,'tx',-10.599,'',1,0,0,0),(324,6,33,'ty',-2.45,'',1,0,0,0),(325,6,33,'tz',7.5,'',1,0,0,0),(326,6,33,'ry',83,'',1,0,0,0),(327,6,34,'tx',-10.599,'',1,0,0,0),(328,6,34,'ty',-2.45,'',1,0,0,0),(329,6,34,'tz',10.4,'',1,0,0,0),(330,6,34,'ry',0,'',1,0,0,0),(331,6,35,'tx',11.801,'',1,0,0,0),(332,6,35,'ty',-2.45,'',1,0,0,0),(333,6,35,'tz',6.7,'',1,0,0,0),(334,6,35,'ry',-140,'',1,0,0,0),(335,6,36,'tx',-11.899,'',1,0,0,0),(336,6,36,'ty',-2.45,'',1,0,0,0),(337,6,36,'tz',2.3,'',1,0,0,0),(338,6,36,'ry',-70,'',1,0,0,0),(339,6,37,'tx',12.201,'',1,0,0,0),(340,6,37,'ty',-2.45,'',1,0,0,0),(341,6,37,'tz',3.3,'',1,0,0,0),(342,6,37,'ry',-126,'',1,0,0,0),(343,6,38,'tx',-17.2,'',1,0,0,0),(344,6,38,'ty',-2.5,'',1,0,0,0),(345,6,38,'tz',11.3,'',1,0,0,0),(346,6,38,'ry',0,'',1,0,0,0),(351,6,41,'tx',1.67,'',1,0,0,0),(352,6,41,'ty',-2.47,'',1,0,0,0),(353,6,41,'tz',7.8,'',1,0,0,0),(354,6,41,'ry',-87,'',1,0,0,0),(363,7,26,'Index',0,'',1,0,0,0),(364,7,27,'Index',0,'',1,0,0,0),(365,7,28,'Index',0,'',1,0,0,0),(382,7,33,'tx',-10.599,'',1,0,0,0),(383,7,33,'ty',-2.45,'',1,0,0,0),(384,7,33,'tz',7.5,'',1,0,0,0),(385,7,33,'ry',83,'',1,0,0,0),(386,7,34,'tx',-10.599,'',1,0,0,0),(387,7,34,'ty',-2.45,'',1,0,0,0),(388,7,34,'tz',10.4,'',1,0,0,0),(389,7,34,'ry',0,'',1,0,0,0),(390,7,35,'tx',11.801,'',1,0,0,0),(391,7,35,'ty',-2.45,'',1,0,0,0),(392,7,35,'tz',6.7,'',1,0,0,0),(393,7,35,'ry',-140,'',1,0,0,0),(394,7,36,'tx',-11.899,'',1,0,0,0),(395,7,36,'ty',-2.45,'',1,0,0,0),(396,7,36,'tz',2.3,'',1,0,0,0),(397,7,36,'ry',-70,'',1,0,0,0),(398,7,37,'tx',12.201,'',1,0,0,0),(399,7,37,'ty',-2.45,'',1,0,0,0),(400,7,37,'tz',3.3,'',1,0,0,0),(401,7,37,'ry',-126,'',1,0,0,0),(402,7,38,'tx',-17.2,'',1,0,0,0),(403,7,38,'ty',-2.5,'',1,0,0,0),(404,7,38,'tz',11.3,'',1,0,0,0),(405,7,38,'ry',0,'',1,0,0,0),(410,7,41,'tx',1.67,'',1,0,0,0),(411,7,41,'ty',-2.47,'',1,0,0,0),(412,7,41,'tz',7.8,'',1,0,0,0),(413,7,41,'ry',-87,'',1,0,0,0),(660,5,39,'tx',-0.02,'',0,0,0,0),(661,5,39,'ty',0,'',0,0,0,0),(670,9,32,'tx',7.442,'',1,0,0,0),(671,9,32,'ty',0,'',1,0,0,0),(672,9,32,'tz',11.528,'',1,0,0,0),(673,9,32,'ry',-25.063,'',1,0,0,0),(674,9,30,'tx',6.978,'',1,0,0,0),(675,9,30,'ty',-2.287,'',1,0,0,0),(676,9,30,'tz',11.217,'',1,0,0,0),(677,9,30,'ry',-121.398,'',1,0,0,0),(678,9,31,'tx',10.976,'',1,0,0,0),(679,9,31,'ty',-2.449,'',1,0,0,0),(680,9,31,'tz',8.527,'',1,0,0,0),(681,9,31,'ry',-150.969,'',1,0,0,0),(686,7,30,'tx',6.978,'',1,0,0,0),(687,7,30,'ty',-2.287,'',1,0,0,0),(688,7,30,'tz',11.217,'',1,0,0,0),(689,7,30,'ry',-121.398,'',1,0,0,0),(690,7,31,'tx',10.976,'',1,0,0,0),(691,7,31,'ty',-2.449,'',1,0,0,0),(692,7,31,'tz',8.527,'',1,0,0,0),(693,7,31,'ry',-150.969,'',1,0,0,0),(694,7,32,'tx',7.442,'',1,0,0,0),(695,7,32,'ty',0,'',1,0,0,0),(696,7,32,'tz',11.528,'',1,0,0,0),(697,7,32,'ry',-25.063,'',1,0,0,0),(698,6,39,'tx',-0.02,'',0,0,0,0),(699,6,39,'ty',0,'',0,0,0,0),(701,7,39,'tx',-0.02,'',0,0,0,0),(702,7,39,'ty',0,'',0,0,0,0),(723,5,30,'tx',6.978,'',1,0,0,0),(724,5,30,'ty',-2.287,'',1,0,0,0),(725,5,30,'tz',11.217,'',1,0,0,0),(726,5,30,'ry',-121.398,'',1,0,0,0),(727,5,31,'tx',10.976,'',1,0,0,0),(728,5,31,'ty',-2.449,'',1,0,0,0),(729,5,31,'tz',8.527,'',1,0,0,0),(730,5,31,'ry',-150.969,'',1,0,0,0),(731,5,32,'tx',7.442,'',1,0,0,0),(732,5,32,'ty',0,'',1,0,0,0),(733,5,32,'tz',11.528,'',1,0,0,0),(734,5,32,'ry',-25.063,'',1,0,0,0),(943,9,29,'tx',-6.516,'',1,0,0,0),(944,9,29,'ty',-2.449,'',1,0,0,0),(945,9,29,'tz',13.151,'',1,0,0,0),(946,9,29,'ry',-84.564,'',1,0,0,0),(947,9,29,'rx',0,'',0,0,0,0),(948,9,29,'rz',0,'',0,0,0,0),(949,7,29,'tx',-6.516,'',1,0,0,0),(950,7,29,'ty',-2.449,'',1,0,0,0),(951,7,29,'tz',13.151,'',1,0,0,0),(952,7,29,'ry',-84.564,'',1,0,0,0),(953,7,29,'rx',0,'',0,0,0,0),(954,7,29,'rz',0,'',0,0,0,0),(955,6,29,'tx',-0.616,'',1,0,0,0),(956,6,29,'ty',-2.449,'',1,0,0,0),(957,6,29,'tz',13.151,'',1,0,0,0),(958,6,29,'ry',-84.564,'',1,0,0,0),(959,6,29,'rx',0,'',0,0,0,0),(960,6,29,'rz',0,'',0,0,0,0),(961,5,29,'tx',-6.516,'',1,0,0,0),(962,5,29,'ty',-2.449,'',1,0,0,0),(963,5,29,'tz',13.151,'',1,0,0,0),(964,5,29,'ry',-84.564,'',1,0,0,0),(965,5,29,'rx',0,'',0,0,0,0),(966,5,29,'rz',0,'',0,0,0,0),(1008,9,39,'tx',-0.02,'',0,0,0,0),(1009,9,39,'ty',0,'',0,0,0,0),(1010,9,39,'tz',8.716,'',0,0,0,0),(1088,23,29,'tx',8.384,'',0,0,0,0),(1089,23,29,'ty',-1.749,'',0,0,0,0),(1090,23,29,'tz',12.051,'',0,0,0,0),(1091,23,29,'ry',324.436,'',0,0,0,0),(1092,23,29,'rx',-84,'',0,0,0,0),(1093,23,29,'rz',0,'',0,0,0,0),(1094,23,30,'tx',-7.722,'',0,0,0,0),(1095,23,30,'ty',-2.287,'',0,0,0,0),(1096,23,30,'tz',9.417,'',0,0,0,0),(1097,23,30,'ry',46.602,'',0,0,0,0),(1098,23,31,'tx',7.176,'',0,0,0,0),(1099,23,31,'ty',-2.449,'',0,0,0,0),(1100,23,31,'tz',12.427,'',0,0,0,0),(1101,23,31,'ry',69.031,'',0,0,0,0),(1102,23,32,'tx',-7.258,'',1,0,0,0),(1103,23,32,'ty',0,'',1,0,0,0),(1104,23,32,'tz',10.828,'',1,0,0,0),(1105,23,32,'ry',-84.063,'',1,0,0,0),(1106,23,33,'tx',-10.599,'',1,0,0,0),(1107,23,33,'ty',-2.45,'',1,0,0,0),(1108,23,33,'tz',7.5,'',1,0,0,0),(1109,23,33,'ry',83,'',1,0,0,0),(1110,23,34,'tx',8.101,'',1,0,0,0),(1111,23,34,'ty',-2.45,'',1,0,0,0),(1112,23,34,'tz',8.4,'',1,0,0,0),(1113,23,34,'ry',-73,'',1,0,0,0),(1114,23,35,'tx',11.801,'',1,0,0,0),(1115,23,35,'ty',-2.45,'',1,0,0,0),(1116,23,35,'tz',6.7,'',1,0,0,0),(1117,23,35,'ry',-140,'',1,0,0,0),(1118,23,36,'tx',-11.899,'',1,0,0,0),(1119,23,36,'ty',-2.45,'',1,0,0,0),(1120,23,36,'tz',2.3,'',1,0,0,0),(1121,23,36,'ry',-70,'',1,0,0,0),(1122,23,37,'tx',12.201,'',1,0,0,0),(1123,23,37,'ty',-2.45,'',1,0,0,0),(1124,23,37,'tz',3.3,'',1,0,0,0),(1125,23,37,'ry',-126,'',1,0,0,0),(1126,23,38,'tx',9,'',0,0,0,0),(1127,23,38,'ty',-2.5,'',0,0,0,0),(1128,23,38,'tz',11.3,'',0,0,0,0),(1129,23,38,'ry',70,'',0,0,0,0),(1130,23,39,'tx',0,'',3,0,0,0),(1131,23,39,'ty',-5,'',3,0,0,0),(1132,23,39,'tz',8.716,'',0,0,0,0),(1137,23,41,'tx',7.27,'',1,0,0,0),(1138,23,41,'ty',-2.47,'',1,0,0,0),(1139,23,41,'tz',-16.3,'',1,0,0,0),(1140,23,41,'ry',-87,'',1,0,0,0),(1141,23,26,'Index',0,'',1,0,0,0),(1142,23,27,'Index',0,'',1,0,0,0),(1143,23,28,'Index',0,'',1,0,0,0),(1148,20,38,'tx',0.3,'',0,0,0,0),(1149,20,38,'ty',-2.5,'',0,0,0,0),(1150,20,38,'tz',-5,'',0,0,0,0),(1151,20,38,'ry',70,'',0,0,0,0),(1158,20,30,'tx',1.278,'',0,0,0,0),(1159,20,30,'ty',-2.287,'',0,0,0,0),(1160,20,30,'tz',2.317,'',0,0,0,0),(1161,20,30,'ry',-93.398,'',0,0,0,0),(1182,20,29,'tx',1.384,'',1,0,0,0),(1183,20,29,'ty',-1.749,'',1,0,0,0),(1184,20,29,'tz',-4.449,'',1,0,0,0),(1185,20,29,'ry',65.436,'',1,0,0,0),(1186,20,29,'rx',-84,'',1,0,0,0),(1187,20,29,'rz',0,'',1,0,0,0),(1452,48,27,'Index',1,'',0,0,0,0),(1453,48,40,'tx',-5.65,'',0,0,0,0),(1454,48,40,'ty',-2.48,'',0,0,0,0),(1455,48,40,'tz',5.7,'',0,0,0,0),(1456,48,40,'ry',-87,'',0,0,0,0),(1459,48,29,'tx',1.2,'',0,0,0,0),(1460,48,29,'ty',-1.781,'',0,0,0,0),(1461,48,29,'tz',-4.449,'',0,0,0,0),(1462,48,29,'ry',65.436,'',0,0,0,0),(1463,48,29,'rx',-84,'',0,0,0,0),(1464,48,29,'rz',0,'',0,0,0,0),(1476,15,29,'tx',9.884,'',1,0,0,0),(1477,15,29,'ty',-2.449,'',1,0,0,0),(1478,15,29,'tz',-6.649,'',1,0,0,0),(1479,15,29,'ry',20.436,'',1,0,0,0),(1480,15,29,'rx',0,'',1,0,0,0),(1481,15,29,'rz',0,'',1,0,0,0),(1482,15,30,'tx',0.978,'',1,0,0,0),(1483,15,30,'ty',-2.287,'',1,0,0,0),(1484,15,30,'tz',13.317,'',1,0,0,0),(1485,15,30,'ry',46.602,'',1,0,0,0),(1486,15,31,'tx',4.076,'',1,0,0,0),(1487,15,31,'ty',-2.449,'',1,0,0,0),(1488,15,31,'tz',12.327,'',1,0,0,0),(1489,15,31,'ry',104.031,'',1,0,0,0),(1490,15,32,'tx',-0.058,'',1,0,0,0),(1491,15,32,'ty',0,'',1,0,0,0),(1492,15,32,'tz',9.528,'',1,0,0,0),(1493,15,32,'ry',-140.063,'',1,0,0,0),(1494,15,33,'tx',-10.599,'',1,0,0,0),(1495,15,33,'ty',-2.45,'',1,0,0,0),(1496,15,33,'tz',7.5,'',1,0,0,0),(1497,15,33,'ry',83,'',1,0,0,0),(1498,15,33,'rx',0,'',1,0,0,0),(1499,15,33,'rz',0,'',1,0,0,0),(1500,15,34,'tx',8.801,'',1,0,0,0),(1501,15,34,'ty',-2.45,'',1,0,0,0),(1502,15,34,'tz',8.4,'',1,0,0,0),(1503,15,34,'ry',-73,'',1,0,0,0),(1504,15,34,'rx',0,'',0,0,0,0),(1505,15,34,'rz',0,'',0,0,0,0),(1506,15,35,'tx',11.801,'',1,0,0,0),(1507,15,35,'ty',-2.45,'',1,0,0,0),(1508,15,35,'tz',6.7,'',1,0,0,0),(1509,15,35,'ry',-140,'',1,0,0,0),(1510,15,35,'rx',-60,'',1,0,0,0),(1511,15,35,'rz',80,'',1,0,0,0),(1512,15,36,'tx',-11.899,'',1,0,0,0),(1513,15,36,'ty',-2.45,'',1,0,0,0),(1514,15,36,'tz',2.3,'',1,0,0,0),(1515,15,36,'ry',-70,'',1,0,0,0),(1516,15,37,'tx',12.201,'',1,0,0,0),(1517,15,37,'ty',-2.45,'',1,0,0,0),(1518,15,37,'tz',3.3,'',1,0,0,0),(1519,15,37,'ry',-126,'',1,0,0,0),(1531,15,41,'tx',1.67,'',1,0,0,0),(1532,15,41,'ty',-2.47,'',1,0,0,0),(1533,15,41,'tz',7.8,'',1,0,0,0),(1534,15,41,'ry',-87,'',1,0,0,0),(1535,15,26,'Index',0,'',1,0,0,0),(1536,15,27,'Index',0,'',1,0,0,0),(1537,15,28,'Index',0,'',1,0,0,0),(1590,5,40,'tx',0.17,'',1,0,0,0),(1591,5,40,'ty',-2.55,'',1,0,0,0),(1592,5,40,'tz',7.5,'',1,0,0,0),(1593,5,40,'ry',-87,'',1,0,0,0),(1594,6,40,'tx',0.17,'',1,0,0,0),(1595,6,40,'ty',-2.55,'',1,0,0,0),(1596,6,40,'tz',7.5,'',1,0,0,0),(1597,6,40,'ry',-87,'',1,0,0,0),(1598,7,40,'tx',0.17,'',1,0,0,0),(1599,7,40,'ty',-2.55,'',1,0,0,0),(1600,7,40,'tz',7.5,'',1,0,0,0),(1601,7,40,'ry',-87,'',1,0,0,0),(1602,9,40,'tx',0.17,'',1,0,0,0),(1603,9,40,'ty',-2.55,'',1,0,0,0),(1604,9,40,'tz',7.5,'',1,0,0,0),(1605,9,40,'ry',-87,'',1,0,0,0),(1642,23,40,'tx',-0.87,'',1,0,0,0),(1643,23,40,'ty',-2.55,'',1,0,0,0),(1644,23,40,'tz',6,'',1,0,0,0),(1645,23,40,'ry',-87,'',1,0,0,0),(1646,5,35,'rx',0,'',1,0,0,0),(1647,5,35,'rz',0,'',1,0,0,0),(1648,48,38,'tx',0.3,'',0,0,0,0),(1649,48,38,'ty',-2.5,'',0,0,0,0),(1650,48,38,'tz',-5,'',0,0,0,0),(1651,48,38,'ry',70,'',0,0,0,0),(1652,55,29,'tx',-12,'',0,0,0,0),(1653,55,29,'ty',-1.781,'',0,0,0,0),(1654,55,29,'tz',-4.449,'',0,0,0,0),(1655,55,29,'ry',65.436,'',0,0,0,0),(1656,55,29,'rx',-84,'',0,0,0,0),(1657,55,29,'rz',0,'',0,0,0,0),(1675,55,26,'Index',0,'',1,0,0,0),(1748,30,32,'tx',-0.268,'',1,0,0,0),(1749,30,32,'ty',-0.06,'',1,0,0,0),(1750,30,32,'tz',4.528,'',1,0,0,0),(1751,30,32,'ry',45.937,'',1,0,0,0),(1752,30,31,'tx',-2.024,'',1,0,0,0),(1753,30,31,'ty',-2.549,'',1,0,0,0),(1754,30,31,'tz',4.627,'',1,0,0,0),(1755,30,31,'ry',-37.969,'',1,0,0,0),(1756,91,30,'tx',8.108,'',0,0,0,0),(1757,91,30,'ty',-2.287,'',0,0,0,0),(1758,91,30,'tz',2.317,'',0,0,0,0),(1759,91,30,'ry',-47.398,'',0,0,0,0),(1772,48,30,'tx',0.89,'',0,0,0,0),(1773,48,30,'ty',-2.287,'',0,0,0,0),(1774,48,30,'tz',-4.783,'',0,0,0,0),(1775,48,30,'ry',-47.398,'',0,0,0,0),(1788,55,30,'tx',0.89,'',0,0,0,0),(1789,55,30,'ty',-2.287,'',0,0,0,0),(1790,55,30,'tz',-4.783,'',0,0,0,0),(1791,55,30,'ry',-47.398,'',0,0,0,0),(1796,55,38,'tx',0.3,'',0,0,0,0),(1797,55,38,'ty',-2.5,'',0,0,0,0),(1798,55,38,'tz',-5,'',0,0,0,0),(1799,55,38,'ry',70,'',0,0,0,0),(1800,55,31,'tx',-1.8,'',1,0,0,0),(1801,55,31,'ty',-2.349,'',1,0,0,0),(1802,55,31,'tz',-2.873,'',1,0,0,0),(1803,55,31,'ry',252.031,'',1,0,0,0),(1804,55,32,'tx',2.1,'',0,0,0,0),(1805,55,32,'ty',-0.06,'',0,0,0,0),(1806,55,32,'tz',-3.172,'',0,0,0,0),(1807,55,32,'ry',59.937,'',0,0,0,0),(1808,57,38,'tx',0.3,'',0,0,0,0),(1809,57,38,'ty',-2.5,'',0,0,0,0),(1810,57,38,'tz',-2.7,'',0,0,0,0),(1811,57,38,'ry',0,'',0,0,0,0),(1816,60,31,'tx',-1.6,'',1,0,0,0),(1817,60,31,'ty',-2.349,'',1,0,0,0),(1818,60,31,'tz',5.227,'',1,0,0,0),(1819,60,31,'ry',182.031,'',1,0,0,0),(1821,55,28,'Index',1,'',1,0,0,0),(1834,64,29,'tx',0,'',0,0,0,0),(1835,64,29,'ty',-2.5,'',0,0,0,0),(1836,64,29,'tz',-4.449,'',0,0,0,0),(1837,64,29,'ry',0,'',0,0,0,0),(1838,64,29,'rx',0,'',0,0,0,0),(1839,64,29,'rz',0,'',0,0,0,0),(1840,64,32,'tx',3.5,'',0,0,0,0),(1841,64,32,'ty',-0.06,'',0,0,0,0),(1842,64,32,'tz',-9.972,'',0,0,0,0),(1843,64,32,'ry',59.937,'',0,0,0,0),(1844,64,31,'tx',-2.5,'',1,0,0,0),(1845,64,31,'ty',-2.349,'',1,0,0,0),(1846,64,31,'tz',-7.673,'',1,0,0,0),(1847,64,31,'ry',-90,'',1,0,0,0),(1854,5,38,'tx',-17.2,'',1,0,0,0),(1855,5,38,'ty',-2.5,'',1,0,0,0),(1856,5,38,'tz',11.3,'',1,0,0,0),(1857,5,38,'ry',0,'',1,0,0,0),(1858,5,38,'rx',0,'',1,0,0,0),(1859,5,38,'rz',0,'',1,0,0,0),(1860,67,38,'tx',0.3,'',0,0,0,0),(1861,67,38,'ty',-1.3,'',0,0,0,0),(1862,67,38,'tz',-2.7,'',0,0,0,0),(1863,67,38,'ry',0,'',0,0,0,0),(1864,67,38,'rx',90.4,'',1,0,0,0),(1865,67,38,'rz',0,'',1,0,0,0),(1872,67,30,'tx',0.39,'',0,0,0,0),(1873,67,30,'ty',-3.3,'',0,0,0,0),(1874,67,30,'tz',-0.683,'',0,0,0,0),(1875,67,30,'ry',-68.398,'',0,0,0,0),(1877,5,56,'Table1',0,'',1,0,0,0),(1878,5,56,'Table2',0,'',1,0,0,0),(1879,5,56,'Table3',0,'',1,0,0,0),(1880,5,56,'Table4',0,'',1,0,0,0),(1881,5,56,'Active',0,'',1,0,0,0),(1882,6,56,'Table1',2,'',0,0,0,0),(1883,6,56,'Table2',0,'',1,0,0,0),(1884,6,56,'Table3',0,'',1,0,0,0),(1885,6,56,'Table4',1,'',1,0,0,0),(1886,6,56,'Active',1,'',1,0,0,0),(1887,7,56,'Table1',0,'',0,0,0,0),(1888,7,56,'Table2',0,'',1,0,0,0),(1889,7,56,'Table3',0,'',1,0,0,0),(1892,5,57,'Active',0,'',1,0,0,0),(1893,5,58,'Active',0,'',1,0,0,0),(1894,9,58,'Active',1,'',3,0,0,0),(1895,14,58,'Active',0,'',0.2,0,0,0),(1903,7,58,'Active',0,'',1,0,0,0),(1904,7,58,'Brightness1',0,'',1,0,0,0),(1905,7,58,'Brightness2',0,'',1,0,0,0),(1907,93,29,'rx',0,'',0,0,0,0),(1908,93,29,'ry',-84.564,'',1,0,0,0),(1909,93,29,'rz',0,'',0,0,0,0),(1910,93,29,'tx',-6.516,'',1,0,0,0),(1911,93,29,'ty',-2.449,'',1,0,0,0),(1912,93,29,'tz',13.151,'',1,0,0,0),(1913,93,30,'ry',-121.398,'',1,0,0,0),(1914,93,30,'tx',6.978,'',1,0,0,0),(1915,93,30,'ty',-2.287,'',1,0,0,0),(1916,93,30,'tz',11.217,'',1,0,0,0),(1917,93,31,'ry',-150.969,'',1,0,0,0),(1918,93,31,'tx',10.976,'',1,0,0,0),(1919,93,31,'ty',-2.449,'',1,0,0,0),(1920,93,31,'tz',8.527,'',1,0,0,0),(1921,93,32,'ry',-25.063,'',1,0,0,0),(1922,93,32,'tx',7.442,'',1,0,0,0),(1923,93,32,'ty',0,'',1,0,0,0),(1924,93,32,'tz',11.528,'',1,0,0,0),(1925,93,33,'ry',83,'',1,0,0,0),(1926,93,33,'tx',-10.599,'',1,0,0,0),(1927,93,33,'ty',-2.45,'',1,0,0,0),(1928,93,33,'tz',7.5,'',1,0,0,0),(1929,93,34,'ry',0,'',1,0,0,0),(1930,93,34,'tx',-10.599,'',1,0,0,0),(1931,93,34,'ty',-2.45,'',1,0,0,0),(1932,93,34,'tz',10.4,'',1,0,0,0),(1933,93,35,'ry',-140,'',1,0,0,0),(1934,93,35,'tx',11.801,'',1,0,0,0),(1935,93,35,'ty',-2.45,'',1,0,0,0),(1936,93,35,'tz',6.7,'',1,0,0,0),(1937,93,36,'ry',-70,'',1,0,0,0),(1938,93,36,'tx',-11.899,'',1,0,0,0),(1939,93,36,'ty',-2.45,'',1,0,0,0),(1940,93,36,'tz',2.3,'',1,0,0,0),(1941,93,37,'ry',-126,'',1,0,0,0),(1942,93,37,'tx',12.201,'',1,0,0,0),(1943,93,37,'ty',-2.45,'',1,0,0,0),(1944,93,37,'tz',3.3,'',1,0,0,0),(1945,93,38,'ry',0,'',1,0,0,0),(1946,93,38,'tx',-17.2,'',1,0,0,0),(1947,93,38,'ty',-2.5,'',1,0,0,0),(1948,93,38,'tz',11.3,'',1,0,0,0),(1949,93,39,'tx',-0.02,'',0,0,0,0),(1950,93,39,'ty',0,'',0,0,0,0),(1951,93,39,'tz',8.716,'',0,0,0,0),(1952,93,40,'ry',-87,'',1,0,0,0),(1953,93,40,'tx',0.17,'',1,0,0,0),(1954,93,40,'ty',-2.55,'',1,0,0,0),(1955,93,40,'tz',7.5,'',1,0,0,0),(1956,93,41,'ry',-87,'',1,0,0,0),(1957,93,41,'tx',1.67,'',1,0,0,0),(1958,93,41,'ty',-2.47,'',1,0,0,0),(1959,93,41,'tz',7.8,'',1,0,0,0),(1960,93,28,'Index',0,'',1,0,0,0),(1961,93,27,'Index',0,'',1,0,0,0),(1962,93,26,'Index',0,'',1,0,0,0),(1963,93,58,'Active',1,'',3,0,0,0),(1964,93,58,'Brightness1',1,'',1,0,0,0),(1965,93,58,'Brightness2',0,'',1,0,0,0),(1966,94,58,'Brightness2',1,'',1,0,0,0),(1968,7,58,'Speed',0,'',1,0,0,0),(1969,94,58,'Speed',1,'',1,0,0,0),(1971,7,58,'Scanbright',0,'',1,0,0,0),(1972,7,58,'Scanw',0,'',1,0,0,0),(1973,95,58,'Brightness2',0,'',1,0,0,0),(1974,95,58,'Speed',-0.38,'',1,0,0,0),(1975,96,58,'Brightness2',1,'',1,0,0,0),(1976,97,58,'Brightness2',0,'',1,0,0,0),(1983,7,58,'Bgbendstrength',0,'',1,0,0,0),(1987,97,58,'Speed',-0.38,'',1,0,0,0),(1988,97,58,'Scanbright',1,'',1,0,0,0),(1989,97,58,'Scanw',0.159,'',1,0,0,0),(1990,100,58,'Brightness2',0,'',1,0,0,0),(1991,101,58,'Brightness2',1,'',1,0,0,0),(1992,100,58,'Speed',-0.38,'',1,0,0,0),(1993,100,58,'Scanbright',1,'',1,0,0,0),(1994,100,58,'Scanw',0.159,'',1,0,0,0),(2000,100,58,'Scanbluered',1,'',1,0,0,0),(2001,101,58,'Scanbright',0,'',1,0,0,0),(2002,101,58,'Scanbluered',0,'',1,0,0,0),(2003,9,58,'Liftdashorline',0,'',1,0,0,0),(2005,97,58,'Liftdashorline',0,'',1,0,0,0),(2006,104,58,'Bgbendstrength',19,'',10,0,0,0),(2007,104,58,'Scanbright',1,'',1,0,0,0),(2008,104,58,'Scanw',0.02,'',1,0,0,0),(2009,104,58,'Speed',0,'',1,0,0,0),(2010,99,58,'Speed',-0.38,'',1,0,0,0),(2011,99,58,'Scanbright',1,'',1,0,0,0),(2012,99,58,'Scanw',0.159,'',1,0,0,0),(2013,99,58,'Bgbendstrength',0,'',10,0,0,0),(2014,99,58,'Liftdashorline',1,'',1,0,0,0),(2018,102,58,'Active',1,'',3,0,0,0),(2019,102,58,'Brightness1',1,'',1,0,0,0),(2021,102,58,'Speed',0,'',1,0,0,0),(2022,102,58,'Scanbright',1,'',1,0,0,0),(2023,102,58,'Scanw',0.05,'',1,0,0,0),(2024,102,58,'Bgbendstrength',0,'',1,0,0,0),(2025,102,58,'Scanbluered',1,'',1,0,0,0),(2026,102,58,'Liftdashorline',1,'',1,0,0,0),(2027,105,58,'Scanbright',0,'',1,0,0,0),(2028,106,58,'Scanbright',0,'',1,0,0,0),(2029,106,58,'Scanw',0.02,'',1,0,0,0),(2031,15,60,'Active',1,'',1,0,0,0),(2097,108,60,'Active',0,'',1,0,0,0),(2098,108,29,'rx',0,'',1,0,0,0),(2099,108,29,'ry',20.436,'',1,0,0,0),(2100,108,29,'rz',0,'',1,0,0,0),(2101,108,29,'tx',9.884,'',1,0,0,0),(2102,108,29,'ty',-2.449,'',1,0,0,0),(2103,108,29,'tz',-6.649,'',1,0,0,0),(2104,108,30,'ry',46.602,'',1,0,0,0),(2105,108,30,'tx',0.978,'',1,0,0,0),(2106,108,30,'ty',-2.287,'',1,0,0,0),(2107,108,30,'tz',13.317,'',1,0,0,0),(2108,108,31,'ry',104.031,'',1,0,0,0),(2109,108,31,'tx',4.076,'',1,0,0,0),(2110,108,31,'ty',-2.449,'',1,0,0,0),(2111,108,31,'tz',12.327,'',1,0,0,0),(2112,108,32,'ry',-140.063,'',1,0,0,0),(2113,108,32,'tx',-0.058,'',1,0,0,0),(2114,108,32,'ty',0,'',1,0,0,0),(2115,108,32,'tz',9.528,'',1,0,0,0),(2116,108,33,'rx',0,'',1,0,0,0),(2117,108,33,'ry',83,'',1,0,0,0),(2118,108,33,'rz',0,'',1,0,0,0),(2119,108,33,'tx',-10.599,'',1,0,0,0),(2120,108,33,'ty',-2.45,'',1,0,0,0),(2121,108,33,'tz',7.5,'',1,0,0,0),(2122,108,34,'rx',0,'',0,0,0,0),(2123,108,34,'ry',-73,'',1,0,0,0),(2124,108,34,'rz',0,'',0,0,0,0),(2125,108,34,'tx',8.801,'',1,0,0,0),(2126,108,34,'ty',-2.45,'',1,0,0,0),(2127,108,34,'tz',8.4,'',1,0,0,0),(2128,108,35,'rx',-60,'',1,0,0,0),(2129,108,35,'ry',-140,'',1,0,0,0),(2130,108,35,'rz',80,'',1,0,0,0),(2131,108,35,'tx',11.801,'',1,0,0,0),(2132,108,35,'ty',-2.45,'',1,0,0,0),(2133,108,35,'tz',6.7,'',1,0,0,0),(2134,108,36,'ry',-70,'',1,0,0,0),(2135,108,36,'tx',-11.899,'',1,0,0,0),(2136,108,36,'ty',-2.45,'',1,0,0,0),(2137,108,36,'tz',2.3,'',1,0,0,0),(2138,108,37,'ry',-126,'',1,0,0,0),(2139,108,37,'tx',12.201,'',1,0,0,0),(2140,108,37,'ty',-2.45,'',1,0,0,0),(2141,108,37,'tz',3.3,'',1,0,0,0),(2142,108,38,'ry',0,'',1,0,0,0),(2143,108,38,'tx',-17.2,'',1,0,0,0),(2144,108,38,'ty',-2.5,'',1,0,0,0),(2145,108,38,'tz',11.3,'',1,0,0,0),(2149,108,40,'ry',-87,'',1,0,0,0),(2150,108,40,'tx',0.17,'',1,0,0,0),(2151,108,40,'ty',-2.55,'',1,0,0,0),(2152,108,40,'tz',7.5,'',1,0,0,0),(2153,108,41,'ry',-87,'',1,0,0,0),(2154,108,41,'tx',1.67,'',1,0,0,0),(2155,108,41,'ty',-2.47,'',1,0,0,0),(2156,108,41,'tz',7.8,'',1,0,0,0),(2157,108,28,'Index',0,'',1,0,0,0),(2158,108,27,'Index',0,'',1,0,0,0),(2159,108,26,'Index',0,'',1,0,0,0),(2162,110,58,'Active',0,'',3,0,0,0),(2164,14,62,'Active',1,'',1,0,3,0),(2165,14,62,'Blend',1,'',1,0,3,0),(2166,110,62,'Active',0,'',1,0,0,0),(2175,110,62,'Blend',1,'',1,0,0,0),(2176,23,62,'Active',0,'',2,0,0,0),(2177,20,63,'Active',0,'',5,0,0,0),(2178,23,63,'Active',0,'',1,0,0,0),(2181,22,63,'Active',0,'',0,0,0,0),(2182,22,63,'Roof',0,'',0,0,0,0),(2190,120,65,'Movekorridor',1,'',3.5,0,0,0),(2191,121,65,'Blendtoroom',2,'',3,0,0,0),(2193,34,60,'Active',1,'',3,0,0,0),(2194,37,66,'Active',1,'',5,0,0,0),(2196,122,30,'ry',-47.398,'',0,0,0,0),(2197,122,30,'tx',8.39,'',0,0,0,0),(2198,122,30,'ty',-2.287,'',0,0,0,0),(2199,122,30,'tz',-4.983,'',0,0,0,0),(2210,123,65,'Blendtoroom',2,'',3,0,0,0),(2211,123,67,'Active',1,'',0,0,0,0),(2212,123,65,'Active',0,'',0,0,0,0),(2213,7,63,'Active',0,'',1,0,0,0),(2214,5,62,'Active',0,'',1,0,0,0),(2215,5,63,'Active',0,'',1,0,0,0),(2216,108,67,'Active',0,'',10,0,0,0),(2221,125,60,'Active',0,'',3,0,0,0),(2223,92,69,'Active',1,'',2,0,1,0),(2224,48,69,'Active',0,'',3,0,0,0),(2225,48,60,'Active',0,'',1,0,0,0),(2231,21,62,'Active',0,'',2,0,0,0),(2234,21,60,'Active',1,'',5,0,2,0),(2235,21,60,'Cropmode',0,'',1,0,0,0),(2238,126,60,'Active',0,'',3,0,0,0),(2239,126,64,'Active',0,'',0,0,0,0),(2240,126,31,'ry',69.031,'',0,0,0,0),(2241,126,31,'tx',7.176,'',0,0,0,0),(2242,126,31,'ty',-2.449,'',0,0,0,0),(2243,126,31,'tz',12.427,'',0,0,0,0),(2244,126,32,'tx',-7.258,'',0,0,0,0),(2245,126,32,'ty',0,'',0,0,0,0),(2246,126,32,'tz',10.828,'',0,0,0,0),(2247,126,32,'ry',-84.063,'',0,0,0,0),(2249,15,60,'Cropmode',0,'',1,0,0,0),(2253,91,63,'Active',0,'',5,0,0,0),(2254,91,70,'Active',0,'',1,0,0,0),(2255,34,60,'Cropmode',1,'',0,0,0,0),(2256,127,65,'Active',1,'',1,0,0,0),(2258,127,65,'Movekorridor',0,'',1,0,0,0),(2259,37,66,'Armed',1,'',1,0,0,0),(2260,122,65,'Active',1,'',0,0,0,0),(2261,122,66,'Active',0,'',1,0,0,0),(2262,127,65,'Blendtoroom',1,'',3,0,0,0),(2263,120,65,'Blendtoroom',1,'',1,0,0,0),(2264,120,66,'Armed',0,'',1,0,0,0),(2265,122,65,'Armed',1,'',1,0,0,0),(2266,128,67,'Enter',1,'',3,0,0.5,0),(2270,131,67,'Wallleft',1,'',1,0,0,0),(2271,132,67,'Wallleft',0,'',1,0,0,0),(2272,133,67,'Strobe',1,'',1,0,0,0),(2273,134,67,'Blend',0.3,'',7,0,0,0),(2274,128,65,'Armed',0,'',1,0,0,0),(2275,135,67,'Secondu',1,'',1,0,0,0),(2276,123,67,'Secondu',0,'',1,0,0,0),(2277,92,69,'Blend',1,'',0.5,0,1,0),(2278,135,69,'Active',0,'',1,0,0,0),(2279,136,69,'Active',1,'',2,0,0,0),(2280,136,69,'Blend',2,'',0.5,0,0,0),(2281,137,69,'Blend',3,'',0.5,0,0,0),(2282,138,69,'Active',0,'',3,0,0,0),(2283,138,67,'Active',0,'',0,0,0,0),(2284,48,71,'Armed',1,'',1,0,0,0),(2285,48,71,'Active',1,'',10,0,0,0),(2286,22,71,'Active',0,'',0.1,0,0.5,0),(2287,22,71,'Armed',1,'',1,0,0,0),(2288,138,64,'Armed',1,'',1,0,0,0),(2289,139,64,'Go',1,'',1,0,0,0),(2293,25,60,'Active',0,'',1,0,0,0),(2295,82,72,'Allshifty',-0.4,'',30,0,0,0),(2309,81,72,'Active',0,'',0,0,0,0),(2310,81,72,'Allshifty',-0.114,'',0,0,0,0),(2311,81,72,'Yshift',0,'',0,0,0,0),(2312,81,72,'Scalex',1,'',0,0,0,0),(2313,81,72,'Zrot',0,'',0,0,0,0),(2314,81,72,'Yrot',0,'',0,0,0,0),(2315,144,72,'Yrot',360,'',12,0,0,0),(2316,145,72,'Allshifty',0,'',5,0,0,0),(2317,145,72,'Yshift',0,'',1.5,0,0,0),(2318,145,72,'Scalex',1,'',1.5,0,0,0),(2319,145,72,'Zrot',0,'',1.5,0,0,0),(2321,146,65,'Rightplaneup',-1,'',1,0,0,0),(2322,147,65,'Rightplaneup',-10.5,'',1,0,0,0),(2336,142,72,'Allshifty',0.001,'',7,0,0,0),(2337,142,72,'Yshift',-0.032,'',7,0,0,0),(2338,142,72,'Scalex',0.94,'',1,0,0,0),(2339,142,72,'Zrot',0,'',1,0,0,0),(2340,142,72,'Yrot',0,'',1,0,0,0),(2342,151,72,'Active',1,'',5,0,0,0),(2343,154,73,'Active',0,'',1,0,0,0),(2344,153,73,'Active',1,'',1,0,0,0),(2348,122,66,'Aaadsadf',0.2,'',1,0,0,0),(2349,102,58,'Brightness2',1,'',1,0,0,0),(2350,105,58,'Brightness2',0,'',2,0,0,0),(2351,7,56,'Active',0,'',1,0,0,0),(2355,25,75,'Active',1,'',5,0,0,0),(2356,155,75,'Blend',0.412,'',1,0,0,0),(2357,155,75,'Reset',1,'',1,0,0,0),(2358,156,75,'Blend',1,'',10,0,0,0),(2359,25,75,'Float',1,'',10,0,0,0),(2360,156,75,'Spiral',0.984,'',3,0,0,0),(2361,156,75,'Vortex',1,'',3,0,0,0),(2363,156,75,'Float',0.482,'',3,0,0,0),(2364,157,75,'Springk',100,'',1,0,0,0),(2365,158,75,'Springk',22.2,'',1,0,0,0),(2366,158,75,'Blend',0.173,'',5,0,0,0),(2367,158,75,'Float',1,'',3,0,0,0),(2368,159,75,'Blend',0.691,'',5,0,0,0),(2369,159,75,'Vortex',0.933,'',3,0,0,0),(2370,159,75,'Spiral',0.933,'',3,0,0,0),(2371,159,75,'Radial',-1.2,'',1,0,0,0),(2372,159,75,'Springk',11.3,'',1,0,0,0),(2373,160,75,'Blend',0.285,'',5,0,0,0),(2374,160,75,'Float',0.792,'',3,0,0,0),(2375,160,75,'Springk',6.4,'',1,0,0,0),(2376,160,75,'Go',1,'',0,0,0,0),(2377,161,75,'Go',0,'',0,0,0,0),(2378,162,75,'Go',1,'',0,0,0,0),(2379,101,58,'Bgbendstrength',15,'',20,0,0,0),(2380,34,75,'Active',0,'',1,0,0,0),(2383,121,76,'Active',1,'',3,0,0,0),(2385,135,76,'Armed',0,'',0,0,0,0),(2386,133,76,'Active',0,'',3,0,0,0),(2387,91,75,'Active',0,'',1,0,0,0),(2388,9,58,'Brightness1',1,'',1,0,0,0),(2390,163,77,'Progress1',1,'',45,0,0,0),(2391,110,77,'Progress1',0,'',0,0,0,0),(2392,14,77,'Progress1',0,'',0,0,0,0),(2393,163,62,'Active',1,'',1,0,0,0),(2394,21,77,'Progress1',0,'',0,0,0,0),(2395,126,77,'Progress1',1,'',5,0,3,0),(2397,108,77,'Progress2',1,'',1,0,1,0),(2398,132,77,'Progress1',0,'',0,0,0,0),(2399,132,77,'Progress2',0,'',0,0,0,0),(2400,133,77,'Progress1',1,'',40,0,0,0),(2401,92,77,'Progress2',1,'',7,0,0,0),(2402,136,77,'Progress3',1,'',11,0,0,0),(2403,137,77,'Progress4',1,'',11,0,0,0),(2404,54,77,'Progress1',0,'',0,0,0,0),(2405,54,77,'Progress2',0,'',0,0,0,0),(2406,54,77,'Progress3',0,'',0,0,0,0),(2407,54,77,'Progress4',0,'',0,0,0,0),(2408,151,77,'Progress1',1,'',5,0,0,0),(2410,142,77,'Progress2',1,'',7,0,0,0),(2411,144,77,'Progress3',1,'',12,0,0,0),(2412,82,77,'Progress4',1,'',30,0,0,0),(2417,127,66,'Active',0,'',1,0,0,0),(2418,142,78,'Scanrate',180,'',1,0,0,0),(2419,142,78,'Repeat',10,'',1,0,0,0),(2420,166,72,'Active',0,'',5,0,0,0),(2421,166,79,'Active',1,'',1,0,1,0),(2422,166,78,'Scanrate',200,'',1,0,0,0),(2423,166,78,'Repeat',4,'',1,0,0,0),(2424,22,78,'Scanrate',150,'',1,0,0,0),(2425,5,78,'Scanrate',150,'',1,0,0,0),(2426,167,79,'Go',1,'',0,0,0,0),(2427,166,79,'Go',0,'',1,0,0,0),(2428,25,78,'Scanrate',180,'',1,0,0,0),(2429,25,78,'Repeat',15,'',1,0,0,0),(2430,168,77,'Progress4',0,'',11,0,0,0),(2431,168,69,'Blend',4,'',0.5,0,0,0),(2432,138,77,'Progress1',1,'',6,0,0,0),(2433,168,77,'Progress1',0,'',0,0,0,0),(2434,137,77,'Progress1',1,'',11,0,0,0),(2435,5,77,'Progress1',0,'',0,0,0,0),(2436,5,77,'Progress2',0,'',0,0,0,0),(2437,5,77,'Progress3',0,'',0,0,0,0),(2438,5,77,'Progress4',0,'',0,0,0,0),(2439,170,77,'Progress1',0,'',0,0,0,0),(2440,170,77,'Progress2',0,'',0,0,0,0),(2441,170,77,'Progress3',0,'',0,0,0,0),(2442,170,77,'Progress4',0,'',0,0,0,0),(2443,170,64,'Active',0,'',0,0,0,0),(2444,170,64,'Armed',0,'',1,0,0,0),(2449,171,67,'Wallleft',1,'',1,0,0,0),(2453,119,60,'Go',1,'',0,0,0,0),(2454,21,60,'Go',0,'',0,0,0,0),(2455,108,60,'Go',0,'',0,0,0,0),(2457,22,64,'Active',1,'',0.1,0,0.1,0),(2458,48,64,'Fade2staticrotatingbulb',0,'',0,0,0,0),(2459,54,64,'Fade2staticrotatingbulb',1,'',3,0,0,0),(2460,173,64,'Fadeouteffectgo',1,'',3,0,0,0),(2461,48,64,'Fadeouteffectgo',0,'',0,0,0,0),(2462,173,64,'Finalsuperquadavgbright',0,'',1,0,2,0),(2463,173,64,'Active',0,'',0,0,3,0),(2464,173,64,'Armed',0,'',0,0,3,0),(2465,48,64,'Active',0,'',0,0,0,0),(2466,48,64,'Armed',1,'',0,0,0,0),(2467,48,64,'Finalsuperquadavgbright',0.33,'',0,0,0,0),(2468,145,72,'Yrot',360,'',0.5,0,0,0),(2471,82,72,'Active',0,'',15,0,15,0),(2472,145,72,'Active',1,'',0,0,0,0),(2473,170,71,'Armed',0,'',1,0,0,0),(2475,5,60,'Armed',1,'',0,0,0,0),(2476,174,60,'Armed',0,'',0,0,0,0),(2477,106,58,'Bgbendstrength',19,'',1,0,0,0),(2478,119,60,'Active',1,'',1,0,0,0);
/*!40000 ALTER TABLE `cue_float_data` ENABLE KEYS */;
UNLOCK TABLES;

--
-- Table structure for table `fixture`
--

DROP TABLE IF EXISTS `fixture`;
/*!40101 SET @saved_cs_client     = @@character_set_client */;
/*!40101 SET character_set_client = utf8 */;
CREATE TABLE `fixture` (
  `id` bigint(20) unsigned NOT NULL AUTO_INCREMENT,
  `order` float DEFAULT 999,
  `name` varchar(255) DEFAULT NULL,
  `global_object_location` varchar(255) NOT NULL,
  `type` int(11) DEFAULT 0,
  `is_enabled` int(1) NOT NULL DEFAULT 1,
  PRIMARY KEY (`id`),
  UNIQUE KEY `device_path` (`global_object_location`) USING BTREE
) ENGINE=InnoDB AUTO_INCREMENT=80 DEFAULT CHARSET=utf8mb4;
/*!40101 SET character_set_client = @saved_cs_client */;

--
-- Dumping data for table `fixture`
--

LOCK TABLES `fixture` WRITE;
/*!40000 ALTER TABLE `fixture` DISABLE KEYS */;
INSERT INTO `fixture` VALUES (26,999,'net1','/project1/MESH_SCREENS/net1',0,1),(27,999,'net2','/project1/MESH_SCREENS/net2',0,1),(28,999,'net3','/project1/MESH_SCREENS/net3',0,1),(29,10,'Хари','/project1/ACTORS/HARI',0,1),(30,20,'Крис','/project1/ACTORS/KRIS',0,1),(31,30,'SNAUT','/project1/ACTORS/SNAUT',0,1),(32,40,'STRATTORIUS','/project1/ACTORS/STRATTORIUS',0,1),(33,50,'GIRLX','/project1/ACTORS/GIRLX',0,1),(34,60,'GIRLY','/project1/ACTORS/GIRLY',0,1),(35,70,'GIRLZ','/project1/ACTORS/GIRLZ',0,1),(36,80,'ZOMBIE','/project1/ACTORS/ZOMBIE',0,1),(37,90,'NIGHTSHADE','/project1/ACTORS/NIGHTSHADE',0,1),(38,100,'NOSILKI','/project1/SCENOGRAPHY/NOSILKI',0,1),(39,110,'STENA_1','/project1/SCENOGRAPHY/STENA_1',0,1),(40,120,'LIFT1','/project1/SCENOGRAPHY/LIFT1',0,1),(41,130,'LIFT','/project1/SCENOGRAPHY/LIFT',0,1),(56,1,'Calibrate_Video','/project1/VideoProjectorContent/Calibrate',0,1),(57,9,'shapes','/project1/VideoProjectorContent/shapes',0,1),(58,2,'ElevatorDisplay','/project1/VideoProjectorContent/ElevatorDisplay',0,1),(60,4,'Живая камера на столе','/project1/VideoProjectorContent/LiveCamPresetStol1',0,1),(62,6,'TITLES_MAIN','/project1/VideoProjectorContent/TITLES_MAIN',0,1),(63,8,'ChrisHariTalkLaser','/project1/VideoProjectorContent/ChrisHariTalkLaser',0,1),(64,9,'rejectionLaser','/project1/VideoProjectorContent/rejectionLaser',0,1),(65,10,'Лазерный коридор 6-я сцена','/project1/VideoProjectorContent/Laser6korridor',0,1),(66,1,'Лазер для сцены исследования Хари','/project1/VideoProjectorContent/ResearchHariLaser',0,1),(67,1,'LaserPatterns4_4','/project1/VideoProjectorContent/LaserPatterns4_4',0,1),(69,14,'TITLES_SECOND','/project1/VideoProjectorContent/TITLES_SECOND',0,1),(70,13,'Красный лифт на проекторе','/project1/VideoProjectorContent/LiftRedWireFrame',0,1),(71,5,'лазер на 7 крис хари перед rejection','/project1/VideoProjectorContent/scene7RejectionLaserStatic',0,1),(72,11,'Final','/project1/VideoProjectorContent/Final',0,1),(73,15,'FloraSapZhizha','/project1/VideoProjectorContent/FloraSapZhizha',0,1),(75,1,'Laser4Scene','/project1/VideoProjectorContent/Laser4Scene',0,1),(76,4,'LiveCamPresetLift','/project1/VideoProjectorContent/LiveCamPresetLift',0,1),(77,1,'ProgressBars','/project1/ServerUI/ProgressBars',0,1),(78,1,'LASER_OUTPUT_AND_SETTINGS','/project1/LASER_OUTPUT_AND_SETTINGS',0,1),(79,1,'StopDying','/project1/VideoProjectorContent/StopDying',0,1);
/*!40000 ALTER TABLE `fixture` ENABLE KEYS */;
UNLOCK TABLES;

--
-- Table structure for table `fixture_float_data`
--

DROP TABLE IF EXISTS `fixture_float_data`;
/*!40101 SET @saved_cs_client     = @@character_set_client */;
/*!40101 SET character_set_client = utf8 */;
CREATE TABLE `fixture_float_data` (
  `id` bigint(20) unsigned NOT NULL AUTO_INCREMENT,
  `id_fixture` bigint(20) unsigned NOT NULL,
  `par_name` varchar(255) NOT NULL,
  `default_value` float NOT NULL DEFAULT 0,
  `fade_default` float NOT NULL DEFAULT 1,
  `delay_default` float NOT NULL DEFAULT 0,
  `is_enabled` int(1) DEFAULT 1,
  PRIMARY KEY (`id`),
  UNIQUE KEY `id` (`id`),
  KEY `id_fixture` (`id_fixture`)
) ENGINE=InnoDB AUTO_INCREMENT=208 DEFAULT CHARSET=utf8mb4;
/*!40101 SET character_set_client = @saved_cs_client */;

--
-- Dumping data for table `fixture_float_data`
--

LOCK TABLES `fixture_float_data` WRITE;
/*!40000 ALTER TABLE `fixture_float_data` DISABLE KEYS */;
INSERT INTO `fixture_float_data` VALUES (33,29,'tx',1.38567,1,0,1),(34,29,'ty',-2.44932,1,0,1),(35,29,'tz',8.4543,1,0,1),(36,29,'ry',-3.714,1,0,1),(37,30,'tx',0.1992,1,0,1),(38,30,'ty',-2.28705,1,0,1),(39,30,'tz',16.0682,1,0,1),(40,30,'ry',7.962,1,0,1),(41,31,'tx',1.77584,1,0,1),(42,31,'ty',-2.44932,1,0,1),(43,31,'tz',14.7644,1,0,1),(44,31,'ry',-13.909,1,0,1),(45,32,'tx',-0.55077,1,0,1),(46,32,'ty',0,1,0,1),(47,32,'tz',13.3764,1,0,1),(48,32,'ry',-70.493,1,0,1),(49,33,'tx',-10.5994,1,0,1),(50,33,'ty',-2.45,1,0,1),(51,33,'tz',7.5,1,0,1),(52,33,'ry',83,1,0,1),(53,34,'tx',-10.5994,1,0,1),(54,34,'ty',-2.45,1,0,1),(55,34,'tz',10.4,1,0,1),(56,34,'ry',0,1,0,1),(57,35,'tx',11.8006,1,0,1),(58,35,'ty',-2.45,1,0,1),(59,35,'tz',6.7,1,0,1),(60,35,'ry',-140,1,0,1),(61,36,'tx',-11.8994,1,0,1),(62,36,'ty',-2.45,1,0,1),(63,36,'tz',2.3,1,0,1),(64,36,'ry',-70,1,0,1),(65,37,'tx',12.2006,1,0,1),(66,37,'ty',-2.45,1,0,1),(67,37,'tz',3.3,1,0,1),(68,37,'ry',-126,1,0,1),(69,26,'Index',0,1,0,1),(70,27,'Index',0,1,0,1),(71,28,'Index',0,1,0,1),(72,38,'tx',-1.8,1,0,1),(73,38,'ty',-2.5,1,0,1),(74,38,'tz',13.3713,1,0,1),(75,38,'ry',44.121,1,0,1),(76,40,'tx',1.67,1,0,1),(77,40,'ty',-2.6116,1,0,1),(78,40,'tz',7.5,1,0,1),(79,40,'ry',-87,1,0,1),(80,41,'tx',1.67,1,0,1),(81,41,'ty',-2.47,1,0,1),(82,41,'tz',7.8,1,0,1),(83,41,'ry',-87,1,0,1),(92,39,'tx',-10,1,0,1),(93,39,'ty',0,1,0,1),(95,29,'rx',0,1,0,1),(96,29,'rz',0,1,0,1),(97,39,'tz',8.716,1,0,1),(98,33,'rx',0,1,0,1),(99,33,'rz',0,1,0,1),(100,34,'rx',0,1,0,1),(101,34,'rz',0,1,0,1),(102,35,'rx',0,1,0,1),(103,35,'rz',0,1,0,1),(114,38,'rx',0,1,0,1),(115,38,'rz',0,1,0,1),(116,56,'Table1',0,1,0,1),(117,56,'Table2',0,1,0,1),(118,56,'Table3',0,1,0,1),(119,56,'Table4',0,1,0,1),(120,56,'Active',1,1,0,1),(121,57,'Active',1,1,0,1),(122,58,'Active',1,1,0,1),(123,58,'Brightness1',0,1,0,1),(124,58,'Brightness2',0,1,0,1),(125,58,'Speed',0,1,0,1),(126,58,'Scanbright',0,1,0,1),(127,58,'Scanw',0,1,0,1),(128,58,'Bgbendstrength',1,1,0,1),(129,58,'Scanbluered',0,1,0,1),(130,58,'Liftdashorline',0,1,0,1),(132,60,'Active',0,1,0,1),(134,62,'Active',1,1,0,1),(135,62,'Blend',0,1,0,1),(136,63,'Active',1,1,0,1),(137,63,'Roof',0,1,0,1),(138,64,'Active',0,1,0,1),(139,65,'Active',0,1,0,1),(140,65,'Blendtoroom',0,1,0,1),(141,65,'Movekorridor',0,1,0,1),(142,66,'Active',0,1,0,1),(143,67,'Active',0,1,0,1),(145,69,'Active',0,1,0,1),(146,60,'Cropmode',0,1,0,1),(148,70,'Active',0,1,0,1),(149,66,'Armed',0,1,0,1),(150,65,'Blend',0,1,0,1),(151,65,'Armed',0,1,0,1),(152,67,'Wallright2',0,1,0,1),(153,67,'Wallleft',0,1,0,1),(154,67,'Blend',0,1,0,1),(155,67,'Strobe',0,1,0,1),(156,67,'Enter',0,1,0,1),(157,67,'Secondu',0,1,0,1),(158,69,'Blend',0,1,0,1),(159,71,'Active',0,1,0,1),(160,71,'Armed',0,1,0,1),(161,64,'Armed',0,1,0,1),(162,64,'Go',0,1,0,1),(163,72,'Active',0,1,0,1),(164,72,'Allshifty',0,1,0,1),(165,72,'Yshift',0.051,1,0,1),(166,72,'Scalex',1,1,0,1),(167,72,'Zrot',0,1,0,1),(168,72,'Yrot',0,1,0,1),(169,65,'Rightplaneup',-10.5,1,0,1),(170,60,'Lockframe',0,1,0,1),(171,72,'Floatingspeed',0,1,0,1),(172,72,'Finaltransformy',0,1,0,1),(173,73,'Active',0,1,0,1),(174,60,'Index',0,1,0,1),(175,66,'Aaadsadf',0,1,0,1),(179,75,'Active',0,1,0,1),(180,75,'Blend',0,1,0,1),(181,75,'Reset',0,1,0,1),(182,75,'Speednoise1',0,1,0,1),(183,75,'Speednoise2',0,1,0,1),(184,75,'Vortex',0.31,1,0,1),(185,75,'Spiral',0.338,1,0,1),(186,75,'Radial',-0.8,1,0,1),(187,75,'Float',0,1,0,1),(188,75,'Tension',1,1,0,1),(189,75,'Springk',10.3,1,0,1),(190,75,'Go',0,1,0,1),(191,76,'Active',0,1,0,1),(192,76,'Armed',1,1,0,1),(193,77,'Progress1',0,1,0,1),(194,77,'Progress2',0,1,0,1),(195,77,'Progress3',0,1,0,1),(196,77,'Progress4',0,1,0,1),(197,78,'Scanrate',100,1,0,1),(198,78,'Repeat',20,1,0,1),(199,79,'Active',0,1,0,1),(200,79,'Go',0,1,0,1),(201,60,'Go',0,1,0,1),(204,64,'Fade2staticrotatingbulb',0,1,0,1),(205,64,'Fadeouteffectgo',0,1,0,1),(206,64,'Finalsuperquadavgbright',0.33,1,0,1),(207,60,'Armed',1,1,0,1);
/*!40000 ALTER TABLE `fixture_float_data` ENABLE KEYS */;
UNLOCK TABLES;

--
-- Temporary table structure for view `все приборы и их поля`
--

DROP TABLE IF EXISTS `все приборы и их поля`;
/*!50001 DROP VIEW IF EXISTS `все приборы и их поля`*/;
SET @saved_cs_client     = @@character_set_client;
SET character_set_client = utf8;
/*!50001 CREATE TABLE `все приборы и их поля` (
  `name` tinyint NOT NULL,
  `global_object_location` tinyint NOT NULL,
  `par_name` tinyint NOT NULL,
  `type` tinyint NOT NULL
) ENGINE=MyISAM */;
SET character_set_client = @saved_cs_client;

--
-- Temporary table structure for view `ключи`
--

DROP TABLE IF EXISTS `ключи`;
/*!50001 DROP VIEW IF EXISTS `ключи`*/;
SET @saved_cs_client     = @@character_set_client;
SET character_set_client = utf8;
/*!50001 CREATE TABLE `ключи` (
  `Номер` tinyint NOT NULL,
  `Название` tinyint NOT NULL,
  `Кол-во полей` tinyint NOT NULL
) ENGINE=MyISAM */;
SET character_set_client = @saved_cs_client;

--
-- Temporary table structure for view `поля внутри ключей`
--

DROP TABLE IF EXISTS `поля внутри ключей`;
/*!50001 DROP VIEW IF EXISTS `поля внутри ключей`*/;
SET @saved_cs_client     = @@character_set_client;
SET character_set_client = utf8;
/*!50001 CREATE TABLE `поля внутри ключей` (
  `Номер` tinyint NOT NULL,
  `Название` tinyint NOT NULL,
  `Девайс` tinyint NOT NULL,
  `Путь к объекту` tinyint NOT NULL,
  `Поле` tinyint NOT NULL,
  `Значение` tinyint NOT NULL,
  `fade_in` tinyint NOT NULL,
  `fade_out` tinyint NOT NULL
) ENGINE=MyISAM */;
SET character_set_client = @saved_cs_client;

--
-- Final view structure for view `все приборы и их поля`
--

/*!50001 DROP TABLE IF EXISTS `все приборы и их поля`*/;
/*!50001 DROP VIEW IF EXISTS `все приборы и их поля`*/;
/*!50001 SET @saved_cs_client          = @@character_set_client */;
/*!50001 SET @saved_cs_results         = @@character_set_results */;
/*!50001 SET @saved_col_connection     = @@collation_connection */;
/*!50001 SET character_set_client      = utf8mb4 */;
/*!50001 SET character_set_results     = utf8mb4 */;
/*!50001 SET collation_connection      = utf8mb4_general_ci */;
/*!50001 CREATE ALGORITHM=UNDEFINED */
/*!50013 DEFINER=`root`@`localhost` SQL SECURITY DEFINER */
/*!50001 VIEW `все приборы и их поля` AS select `fixture`.`name` AS `name`,`fixture`.`global_object_location` AS `global_object_location`,`fixture_float_data`.`par_name` AS `par_name`,`fixture`.`type` AS `type` from (`fixture` join `fixture_float_data`) where `fixture`.`id` = `fixture_float_data`.`id_fixture` */;
/*!50001 SET character_set_client      = @saved_cs_client */;
/*!50001 SET character_set_results     = @saved_cs_results */;
/*!50001 SET collation_connection      = @saved_col_connection */;

--
-- Final view structure for view `ключи`
--

/*!50001 DROP TABLE IF EXISTS `ключи`*/;
/*!50001 DROP VIEW IF EXISTS `ключи`*/;
/*!50001 SET @saved_cs_client          = @@character_set_client */;
/*!50001 SET @saved_cs_results         = @@character_set_results */;
/*!50001 SET @saved_col_connection     = @@collation_connection */;
/*!50001 SET character_set_client      = utf8mb4 */;
/*!50001 SET character_set_results     = utf8mb4 */;
/*!50001 SET collation_connection      = utf8mb4_general_ci */;
/*!50001 CREATE ALGORITHM=UNDEFINED */
/*!50013 DEFINER=`root`@`localhost` SQL SECURITY DEFINER */
/*!50001 VIEW `ключи` AS select `cue`.`order` AS `Номер`,`cue`.`name` AS `Название`,(select count(0) from `cue_float_data` where `cue_float_data`.`id_cue` = `cue`.`id`) AS `Кол-во полей` from `cue` order by `cue`.`order` */;
/*!50001 SET character_set_client      = @saved_cs_client */;
/*!50001 SET character_set_results     = @saved_cs_results */;
/*!50001 SET collation_connection      = @saved_col_connection */;

--
-- Final view structure for view `поля внутри ключей`
--

/*!50001 DROP TABLE IF EXISTS `поля внутри ключей`*/;
/*!50001 DROP VIEW IF EXISTS `поля внутри ключей`*/;
/*!50001 SET @saved_cs_client          = @@character_set_client */;
/*!50001 SET @saved_cs_results         = @@character_set_results */;
/*!50001 SET @saved_col_connection     = @@collation_connection */;
/*!50001 SET character_set_client      = utf8mb4 */;
/*!50001 SET character_set_results     = utf8mb4 */;
/*!50001 SET collation_connection      = utf8mb4_general_ci */;
/*!50001 CREATE ALGORITHM=UNDEFINED */
/*!50013 DEFINER=`root`@`localhost` SQL SECURITY DEFINER */
/*!50001 VIEW `поля внутри ключей` AS select `cue`.`order` AS `Номер`,`cue`.`name` AS `Название`,`fixture`.`name` AS `Девайс`,`fixture`.`global_object_location` AS `Путь к объекту`,`cue_float_data`.`par_name` AS `Поле`,`cue_float_data`.`par_value` AS `Значение`,`cue_float_data`.`fade_in` AS `fade_in`,`cue_float_data`.`fade_out` AS `fade_out` from ((`cue` join `cue_float_data`) join `fixture`) where `cue`.`id` = `cue_float_data`.`id_cue` and `cue_float_data`.`id_fixture` = `fixture`.`id` order by `cue`.`order` */;
/*!50001 SET character_set_client      = @saved_cs_client */;
/*!50001 SET character_set_results     = @saved_cs_results */;
/*!50001 SET collation_connection      = @saved_col_connection */;
/*!40103 SET TIME_ZONE=@OLD_TIME_ZONE */;

/*!40101 SET SQL_MODE=@OLD_SQL_MODE */;
/*!40014 SET FOREIGN_KEY_CHECKS=@OLD_FOREIGN_KEY_CHECKS */;
/*!40014 SET UNIQUE_CHECKS=@OLD_UNIQUE_CHECKS */;
/*!40101 SET CHARACTER_SET_CLIENT=@OLD_CHARACTER_SET_CLIENT */;
/*!40101 SET CHARACTER_SET_RESULTS=@OLD_CHARACTER_SET_RESULTS */;
/*!40101 SET COLLATION_CONNECTION=@OLD_COLLATION_CONNECTION */;
/*!40111 SET SQL_NOTES=@OLD_SQL_NOTES */;

-- Dump completed on 2022-01-04 18:52:39
