-- phpMyAdmin SQL Dump
-- version 5.0.4
-- https://www.phpmyadmin.net/
--
-- Хост: 127.0.0.1
-- Время создания: Окт 20 2021 г., 02:32
-- Версия сервера: 10.4.17-MariaDB
-- Версия PHP: 8.0.2

SET SQL_MODE = "NO_AUTO_VALUE_ON_ZERO";
START TRANSACTION;
SET time_zone = "+00:00";


/*!40101 SET @OLD_CHARACTER_SET_CLIENT=@@CHARACTER_SET_CLIENT */;
/*!40101 SET @OLD_CHARACTER_SET_RESULTS=@@CHARACTER_SET_RESULTS */;
/*!40101 SET @OLD_COLLATION_CONNECTION=@@COLLATION_CONNECTION */;
/*!40101 SET NAMES utf8mb4 */;

--
-- База данных: `curycue`
--

-- --------------------------------------------------------

--
-- Структура таблицы `cue`
--

DROP TABLE IF EXISTS `cue`;
CREATE TABLE `cue` (
  `id` bigint(20) UNSIGNED NOT NULL,
  `order` float DEFAULT NULL,
  `name` varchar(255) DEFAULT NULL,
  `memo` text NOT NULL DEFAULT ' ',
  `type` enum('Regular') NOT NULL DEFAULT 'Regular',
  `update_mode` enum('Stored','All') NOT NULL DEFAULT 'Stored',
  `osc_bind` varchar(255) DEFAULT NULL,
  `dmx_bind` int(11) DEFAULT NULL,
  `is_enabled` tinyint(1) DEFAULT 1
) ENGINE=InnoDB DEFAULT CHARSET=utf8mb4;

--
-- Дамп данных таблицы `cue`
--

INSERT INTO `cue` (`id`, `order`, `name`, `memo`, `type`, `update_mode`, `osc_bind`, `dmx_bind`, `is_enabled`) VALUES
(5, 10, 'Пустота-тишина', '', 'Regular', 'Stored', NULL, NULL, 1),
(6, 20, 'Калибровка', '', 'Regular', 'Stored', NULL, NULL, 1),
(7, 30, 'ЗТМ', '', 'Regular', 'Stored', NULL, NULL, 1),
(9, 40, 'Сцена 1-1 (экспозиция)', '', 'Regular', 'Stored', NULL, NULL, 1),
(10, 50, 'Сцена-1-2  экспозиция (Снаут Сарториус)', '', 'Regular', 'Stored', NULL, NULL, 1),
(11, 60, 'Сцена-1-3 (Хари приехала)', '', 'Regular', 'Stored', NULL, NULL, 1),
(12, 55, 'Сцена-1-2(Крис приехал)', '', 'Regular', 'Stored', NULL, NULL, 1),
(13, 80, 'Сцена-1-4 (Хари убивают)', '', 'Regular', 'Stored', NULL, NULL, 1),
(14, 90, 'Переход', '', 'Regular', 'Stored', NULL, NULL, 1),
(15, 110, 'Сцена-2-1 (Крис  Сарториус  Снаут)', '', 'Regular', 'Stored', NULL, NULL, 1),
(16, 120, 'Сцена-2-2 (Крис  Сарториус  Снаут)', '', 'Regular', 'Stored', NULL, NULL, 1),
(17, 130, 'Сцена-2-3 (фантом дочери)', '', 'Regular', 'Stored', NULL, NULL, 1),
(18, 140, 'Сцена-2-4 (озверение)', '', 'Regular', 'Stored', NULL, NULL, 1),
(19, 150, 'Сцена-2-5 (встреча)', '', 'Regular', 'Stored', NULL, NULL, 1),
(20, 160, 'Ключик 14', '', 'Regular', 'Stored', NULL, NULL, 1),
(21, 170, 'Ключик 15', '', 'Regular', 'Stored', NULL, NULL, 1);

-- --------------------------------------------------------

--
-- Структура таблицы `cue_float_data`
--

DROP TABLE IF EXISTS `cue_float_data`;
CREATE TABLE `cue_float_data` (
  `id` bigint(20) UNSIGNED NOT NULL,
  `id_cue` bigint(20) UNSIGNED NOT NULL,
  `id_fixture` bigint(20) UNSIGNED NOT NULL,
  `par_name` varchar(255) NOT NULL,
  `par_value` float DEFAULT 0,
  `fade_in` float DEFAULT 0,
  `fade_out` float DEFAULT 0,
  `delay_in` float DEFAULT 0,
  `delay_out` float DEFAULT 0
) ENGINE=InnoDB DEFAULT CHARSET=utf8mb4;

--
-- Дамп данных таблицы `cue_float_data`
--

INSERT INTO `cue_float_data` (`id`, `id_cue`, `id_fixture`, `par_name`, `par_value`, `fade_in`, `fade_out`, `delay_in`, `delay_out`) VALUES
(186, 9, 26, 'Index', 0, 1, 0, 0, 0),
(187, 9, 27, 'Index', 0, 1, 0, 0, 0),
(188, 9, 28, 'Index', 0, 1, 0, 0, 0),
(205, 9, 33, 'tx', -10.599, 1, 0, 0, 0),
(206, 9, 33, 'ty', -2.45, 1, 0, 0, 0),
(207, 9, 33, 'tz', 7.5, 1, 0, 0, 0),
(208, 9, 33, 'ry', 83, 1, 0, 0, 0),
(209, 9, 34, 'tx', -10.599, 1, 0, 0, 0),
(210, 9, 34, 'ty', -2.45, 1, 0, 0, 0),
(211, 9, 34, 'tz', 10.4, 1, 0, 0, 0),
(212, 9, 34, 'ry', 0, 1, 0, 0, 0),
(213, 9, 35, 'tx', 11.801, 1, 0, 0, 0),
(214, 9, 35, 'ty', -2.45, 1, 0, 0, 0),
(215, 9, 35, 'tz', 6.7, 1, 0, 0, 0),
(216, 9, 35, 'ry', -140, 1, 0, 0, 0),
(217, 9, 36, 'tx', -11.899, 1, 0, 0, 0),
(218, 9, 36, 'ty', -2.45, 1, 0, 0, 0),
(219, 9, 36, 'tz', 2.3, 1, 0, 0, 0),
(220, 9, 36, 'ry', -70, 1, 0, 0, 0),
(221, 9, 37, 'tx', 12.201, 1, 0, 0, 0),
(222, 9, 37, 'ty', -2.45, 1, 0, 0, 0),
(223, 9, 37, 'tz', 3.3, 1, 0, 0, 0),
(224, 9, 37, 'ry', -126, 1, 0, 0, 0),
(225, 9, 38, 'tx', -17.2, 1, 0, 0, 0),
(226, 9, 38, 'ty', -2.5, 1, 0, 0, 0),
(227, 9, 38, 'tz', 11.3, 1, 0, 0, 0),
(228, 9, 38, 'ry', 0, 1, 0, 0, 0),
(229, 9, 40, 'tx', 1.67, 1, 0, 0, 0),
(230, 9, 40, 'ty', -2.55, 1, 0, 0, 0),
(231, 9, 40, 'tz', 7.5, 1, 0, 0, 0),
(232, 9, 40, 'ry', -87, 1, 0, 0, 0),
(233, 9, 41, 'tx', 1.67, 1, 0, 0, 0),
(234, 9, 41, 'ty', -2.47, 1, 0, 0, 0),
(235, 9, 41, 'tz', 7.8, 1, 0, 0, 0),
(236, 9, 41, 'ry', -87, 1, 0, 0, 0),
(237, 9, 42, 'Index', 2, 0, 0, 0, 0),
(238, 9, 42, 'Subindex', 0, 0, 0, 0, 0),
(239, 9, 43, 'Index', 0, 1, 0, 0, 0),
(240, 9, 43, 'Subindex', 0, 1, 0, 0, 0),
(241, 9, 44, 'Level', 0.2, 1, 0, 0, 0),
(242, 9, 44, 'Level2', 0, 1, 0, 0, 0),
(243, 9, 45, 'Level', 0.223, 1, 0, 0, 0),
(244, 9, 45, 'Level2', 0.229, 1, 0, 0, 0),
(245, 5, 26, 'Index', 0, 1, 0, 0, 0),
(246, 5, 27, 'Index', 0, 1, 0, 0, 0),
(247, 5, 28, 'Index', 0, 1, 0, 0, 0),
(264, 5, 33, 'tx', -10.599, 1, 0, 0, 0),
(265, 5, 33, 'ty', -2.45, 1, 0, 0, 0),
(266, 5, 33, 'tz', 7.5, 1, 0, 0, 0),
(267, 5, 33, 'ry', 83, 1, 0, 0, 0),
(268, 5, 34, 'tx', -10.599, 1, 0, 0, 0),
(269, 5, 34, 'ty', -2.45, 1, 0, 0, 0),
(270, 5, 34, 'tz', 10.4, 1, 0, 0, 0),
(271, 5, 34, 'ry', 0, 1, 0, 0, 0),
(272, 5, 35, 'tx', 11.801, 1, 0, 0, 0),
(273, 5, 35, 'ty', -2.45, 1, 0, 0, 0),
(274, 5, 35, 'tz', 6.7, 1, 0, 0, 0),
(275, 5, 35, 'ry', -140, 1, 0, 0, 0),
(276, 5, 36, 'tx', -11.899, 1, 0, 0, 0),
(277, 5, 36, 'ty', -2.45, 1, 0, 0, 0),
(278, 5, 36, 'tz', 2.3, 1, 0, 0, 0),
(279, 5, 36, 'ry', -70, 1, 0, 0, 0),
(280, 5, 37, 'tx', 12.201, 1, 0, 0, 0),
(281, 5, 37, 'ty', -2.45, 1, 0, 0, 0),
(282, 5, 37, 'tz', 3.3, 1, 0, 0, 0),
(283, 5, 37, 'ry', -126, 1, 0, 0, 0),
(284, 5, 38, 'tx', -17.2, 1, 0, 0, 0),
(285, 5, 38, 'ty', -2.5, 1, 0, 0, 0),
(286, 5, 38, 'tz', 11.3, 1, 0, 0, 0),
(287, 5, 38, 'ry', 0, 1, 0, 0, 0),
(288, 5, 40, 'tx', 1.67, 1, 0, 0, 0),
(289, 5, 40, 'ty', -2.55, 1, 0, 0, 0),
(290, 5, 40, 'tz', 7.5, 1, 0, 0, 0),
(291, 5, 40, 'ry', -87, 1, 0, 0, 0),
(292, 5, 41, 'tx', 1.67, 1, 0, 0, 0),
(293, 5, 41, 'ty', -2.47, 1, 0, 0, 0),
(294, 5, 41, 'tz', 7.8, 1, 0, 0, 0),
(295, 5, 41, 'ry', -87, 1, 0, 0, 0),
(296, 5, 42, 'Index', 0.007, 0, 0, 0, 0),
(297, 5, 42, 'Subindex', 0, 0, 0, 0, 0),
(298, 5, 43, 'Index', 0, 1, 0, 0, 0),
(299, 5, 43, 'Subindex', 0, 1, 0, 0, 0),
(300, 5, 44, 'Level', 0.2, 1, 0, 0, 0),
(301, 5, 44, 'Level2', 0, 1, 0, 0, 0),
(302, 5, 45, 'Level', 0.223, 1, 0, 0, 0),
(303, 5, 45, 'Level2', 0.229, 1, 0, 0, 0),
(304, 6, 26, 'Index', 0, 1, 0, 0, 0),
(305, 6, 27, 'Index', 0, 1, 0, 0, 0),
(306, 6, 28, 'Index', 0, 1, 0, 0, 0),
(311, 6, 30, 'tx', 2.278, 1, 0, 0, 0),
(312, 6, 30, 'ty', -2.287, 1, 0, 0, 0),
(313, 6, 30, 'tz', 11.217, 1, 0, 0, 0),
(314, 6, 30, 'ry', -121.398, 1, 0, 0, 0),
(315, 6, 31, 'tx', 1.776, 1, 0, 0, 0),
(316, 6, 31, 'ty', -2.449, 1, 0, 0, 0),
(317, 6, 31, 'tz', 8.527, 1, 0, 0, 0),
(318, 6, 31, 'ry', -150.969, 1, 0, 0, 0),
(319, 6, 32, 'tx', -2.558, 1, 0, 0, 0),
(320, 6, 32, 'ty', 0, 1, 0, 0, 0),
(321, 6, 32, 'tz', 13.128, 1, 0, 0, 0),
(322, 6, 32, 'ry', -170.063, 1, 0, 0, 0),
(323, 6, 33, 'tx', -10.599, 1, 0, 0, 0),
(324, 6, 33, 'ty', -2.45, 1, 0, 0, 0),
(325, 6, 33, 'tz', 7.5, 1, 0, 0, 0),
(326, 6, 33, 'ry', 83, 1, 0, 0, 0),
(327, 6, 34, 'tx', -10.599, 1, 0, 0, 0),
(328, 6, 34, 'ty', -2.45, 1, 0, 0, 0),
(329, 6, 34, 'tz', 10.4, 1, 0, 0, 0),
(330, 6, 34, 'ry', 0, 1, 0, 0, 0),
(331, 6, 35, 'tx', 11.801, 1, 0, 0, 0),
(332, 6, 35, 'ty', -2.45, 1, 0, 0, 0),
(333, 6, 35, 'tz', 6.7, 1, 0, 0, 0),
(334, 6, 35, 'ry', -140, 1, 0, 0, 0),
(335, 6, 36, 'tx', -11.899, 1, 0, 0, 0),
(336, 6, 36, 'ty', -2.45, 1, 0, 0, 0),
(337, 6, 36, 'tz', 2.3, 1, 0, 0, 0),
(338, 6, 36, 'ry', -70, 1, 0, 0, 0),
(339, 6, 37, 'tx', 12.201, 1, 0, 0, 0),
(340, 6, 37, 'ty', -2.45, 1, 0, 0, 0),
(341, 6, 37, 'tz', 3.3, 1, 0, 0, 0),
(342, 6, 37, 'ry', -126, 1, 0, 0, 0),
(343, 6, 38, 'tx', -17.2, 1, 0, 0, 0),
(344, 6, 38, 'ty', -2.5, 1, 0, 0, 0),
(345, 6, 38, 'tz', 11.3, 1, 0, 0, 0),
(346, 6, 38, 'ry', 0, 1, 0, 0, 0),
(347, 6, 40, 'tx', 1.67, 1, 0, 0, 0),
(348, 6, 40, 'ty', -2.55, 1, 0, 0, 0),
(349, 6, 40, 'tz', 7.5, 1, 0, 0, 0),
(350, 6, 40, 'ry', -87, 1, 0, 0, 0),
(351, 6, 41, 'tx', 1.67, 1, 0, 0, 0),
(352, 6, 41, 'ty', -2.47, 1, 0, 0, 0),
(353, 6, 41, 'tz', 7.8, 1, 0, 0, 0),
(354, 6, 41, 'ry', -87, 1, 0, 0, 0),
(357, 6, 43, 'Index', 0, 1, 0, 0, 0),
(358, 6, 43, 'Subindex', 0, 1, 0, 0, 0),
(359, 6, 44, 'Level', 0.2, 1, 0, 0, 0),
(360, 6, 44, 'Level2', 0, 1, 0, 0, 0),
(361, 6, 45, 'Level', 0.223, 1, 0, 0, 0),
(362, 6, 45, 'Level2', 0.229, 1, 0, 0, 0),
(363, 7, 26, 'Index', 0, 1, 0, 0, 0),
(364, 7, 27, 'Index', 0, 1, 0, 0, 0),
(365, 7, 28, 'Index', 0, 1, 0, 0, 0),
(382, 7, 33, 'tx', -10.599, 1, 0, 0, 0),
(383, 7, 33, 'ty', -2.45, 1, 0, 0, 0),
(384, 7, 33, 'tz', 7.5, 1, 0, 0, 0),
(385, 7, 33, 'ry', 83, 1, 0, 0, 0),
(386, 7, 34, 'tx', -10.599, 1, 0, 0, 0),
(387, 7, 34, 'ty', -2.45, 1, 0, 0, 0),
(388, 7, 34, 'tz', 10.4, 1, 0, 0, 0),
(389, 7, 34, 'ry', 0, 1, 0, 0, 0),
(390, 7, 35, 'tx', 11.801, 1, 0, 0, 0),
(391, 7, 35, 'ty', -2.45, 1, 0, 0, 0),
(392, 7, 35, 'tz', 6.7, 1, 0, 0, 0),
(393, 7, 35, 'ry', -140, 1, 0, 0, 0),
(394, 7, 36, 'tx', -11.899, 1, 0, 0, 0),
(395, 7, 36, 'ty', -2.45, 1, 0, 0, 0),
(396, 7, 36, 'tz', 2.3, 1, 0, 0, 0),
(397, 7, 36, 'ry', -70, 1, 0, 0, 0),
(398, 7, 37, 'tx', 12.201, 1, 0, 0, 0),
(399, 7, 37, 'ty', -2.45, 1, 0, 0, 0),
(400, 7, 37, 'tz', 3.3, 1, 0, 0, 0),
(401, 7, 37, 'ry', -126, 1, 0, 0, 0),
(402, 7, 38, 'tx', -17.2, 1, 0, 0, 0),
(403, 7, 38, 'ty', -2.5, 1, 0, 0, 0),
(404, 7, 38, 'tz', 11.3, 1, 0, 0, 0),
(405, 7, 38, 'ry', 0, 1, 0, 0, 0),
(406, 7, 40, 'tx', 1.67, 1, 0, 0, 0),
(407, 7, 40, 'ty', -2.55, 1, 0, 0, 0),
(408, 7, 40, 'tz', 7.5, 1, 0, 0, 0),
(409, 7, 40, 'ry', -87, 1, 0, 0, 0),
(410, 7, 41, 'tx', 1.67, 1, 0, 0, 0),
(411, 7, 41, 'ty', -2.47, 1, 0, 0, 0),
(412, 7, 41, 'tz', 7.8, 1, 0, 0, 0),
(413, 7, 41, 'ry', -87, 1, 0, 0, 0),
(414, 7, 42, 'Index', 0, 0, 0, 0, 0),
(415, 7, 42, 'Subindex', 0, 0, 0, 0, 0),
(416, 7, 43, 'Index', 0, 1, 0, 0, 0),
(417, 7, 43, 'Subindex', 0, 1, 0, 0, 0),
(418, 7, 44, 'Level', 0.2, 1, 0, 0, 0),
(419, 7, 44, 'Level2', 0, 1, 0, 0, 0),
(420, 7, 45, 'Level', 0.223, 1, 0, 0, 0),
(421, 7, 45, 'Level2', 0.229, 1, 0, 0, 0),
(422, 6, 42, 'Index', 1, 1, 0, 0, 0),
(423, 6, 42, 'Subindex', 0, 1, 0, 0, 0),
(424, 10, 26, 'Index', 0, 1, 0, 0, 0),
(425, 10, 27, 'Index', 0, 1, 0, 0, 0),
(426, 10, 28, 'Index', 0, 1, 0, 0, 0),
(443, 10, 33, 'tx', -10.599, 1, 0, 0, 0),
(444, 10, 33, 'ty', -2.45, 1, 0, 0, 0),
(445, 10, 33, 'tz', 7.5, 1, 0, 0, 0),
(446, 10, 33, 'ry', 83, 1, 0, 0, 0),
(447, 10, 34, 'tx', -10.599, 1, 0, 0, 0),
(448, 10, 34, 'ty', -2.45, 1, 0, 0, 0),
(449, 10, 34, 'tz', 10.4, 1, 0, 0, 0),
(450, 10, 34, 'ry', 0, 1, 0, 0, 0),
(451, 10, 35, 'tx', 11.801, 1, 0, 0, 0),
(452, 10, 35, 'ty', -2.45, 1, 0, 0, 0),
(453, 10, 35, 'tz', 6.7, 1, 0, 0, 0),
(454, 10, 35, 'ry', -140, 1, 0, 0, 0),
(455, 10, 36, 'tx', -11.899, 1, 0, 0, 0),
(456, 10, 36, 'ty', -2.45, 1, 0, 0, 0),
(457, 10, 36, 'tz', 2.3, 1, 0, 0, 0),
(458, 10, 36, 'ry', -70, 1, 0, 0, 0),
(459, 10, 37, 'tx', 12.201, 1, 0, 0, 0),
(460, 10, 37, 'ty', -2.45, 1, 0, 0, 0),
(461, 10, 37, 'tz', 3.3, 1, 0, 0, 0),
(462, 10, 37, 'ry', -126, 1, 0, 0, 0),
(467, 10, 40, 'tx', 1.67, 1, 0, 0, 0),
(468, 10, 40, 'ty', -2.63, 1, 0, 0, 0),
(469, 10, 40, 'tz', 7.5, 1, 0, 0, 0),
(470, 10, 40, 'ry', -87, 1, 0, 0, 0),
(471, 10, 41, 'tx', 1.67, 1, 0, 0, 0),
(472, 10, 41, 'ty', -2.47, 1, 0, 0, 0),
(473, 10, 41, 'tz', 7.8, 1, 0, 0, 0),
(474, 10, 41, 'ry', -87, 1, 0, 0, 0),
(477, 10, 43, 'Index', 0, 1, 0, 0, 0),
(478, 10, 43, 'Subindex', 0, 1, 0, 0, 0),
(479, 10, 44, 'Level', 0.2, 1, 0, 0, 0),
(480, 10, 44, 'Level2', 0, 1, 0, 0, 0),
(481, 10, 45, 'Level', 0.223, 1, 0, 0, 0),
(482, 10, 45, 'Level2', 0.229, 1, 0, 0, 0),
(483, 11, 26, 'Index', 0, 1, 0, 0, 0),
(484, 11, 27, 'Index', 0, 1, 0, 0, 0),
(485, 11, 28, 'Index', 0, 1, 0, 0, 0),
(502, 11, 33, 'tx', -10.599, 1, 0, 0, 0),
(503, 11, 33, 'ty', -2.45, 1, 0, 0, 0),
(504, 11, 33, 'tz', 7.5, 1, 0, 0, 0),
(505, 11, 33, 'ry', 83, 1, 0, 0, 0),
(510, 11, 35, 'tx', 11.801, 1, 0, 0, 0),
(511, 11, 35, 'ty', -2.45, 1, 0, 0, 0),
(512, 11, 35, 'tz', 6.7, 1, 0, 0, 0),
(513, 11, 35, 'ry', -140, 1, 0, 0, 0),
(514, 11, 36, 'tx', -11.899, 1, 0, 0, 0),
(515, 11, 36, 'ty', -2.45, 1, 0, 0, 0),
(516, 11, 36, 'tz', 2.3, 1, 0, 0, 0),
(517, 11, 36, 'ry', -70, 1, 0, 0, 0),
(518, 11, 37, 'tx', 12.201, 1, 0, 0, 0),
(519, 11, 37, 'ty', -2.45, 1, 0, 0, 0),
(520, 11, 37, 'tz', 3.3, 1, 0, 0, 0),
(521, 11, 37, 'ry', -126, 1, 0, 0, 0),
(522, 11, 38, 'tx', -17.2, 1, 0, 0, 0),
(523, 11, 38, 'ty', -2.5, 1, 0, 0, 0),
(524, 11, 38, 'tz', 11.3, 1, 0, 0, 0),
(525, 11, 38, 'ry', 0, 1, 0, 0, 0),
(526, 11, 40, 'tx', 1.67, 1, 0, 0, 0),
(527, 11, 40, 'ty', -2.71, 1, 0, 0, 0),
(528, 11, 40, 'tz', 7.5, 1, 0, 0, 0),
(529, 11, 40, 'ry', -87, 1, 0, 0, 0),
(534, 11, 42, 'Index', 4, 0, 0, 0, 0),
(535, 11, 42, 'Subindex', 0, 0, 0, 0, 0),
(536, 11, 43, 'Index', 0, 1, 0, 0, 0),
(537, 11, 43, 'Subindex', 0, 1, 0, 0, 0),
(538, 11, 44, 'Level', 0.2, 1, 0, 0, 0),
(539, 11, 44, 'Level2', 0, 1, 0, 0, 0),
(540, 11, 45, 'Level', 0.223, 1, 0, 0, 0),
(541, 11, 45, 'Level2', 0.229, 1, 0, 0, 0),
(542, 12, 26, 'Index', 0, 1, 0, 0, 0),
(543, 12, 27, 'Index', 0, 1, 0, 0, 0),
(544, 12, 28, 'Index', 0, 1, 0, 0, 0),
(561, 12, 33, 'tx', -10.599, 1, 0, 0, 0),
(562, 12, 33, 'ty', -2.45, 1, 0, 0, 0),
(563, 12, 33, 'tz', 7.5, 1, 0, 0, 0),
(564, 12, 33, 'ry', 83, 1, 0, 0, 0),
(565, 12, 34, 'tx', 7.501, 1, 0, 0, 0),
(566, 12, 34, 'ty', -2.45, 1, 0, 0, 0),
(567, 12, 34, 'tz', 8.4, 1, 0, 0, 0),
(568, 12, 34, 'ry', -73, 1, 0, 0, 0),
(569, 12, 35, 'tx', 11.801, 1, 0, 0, 0),
(570, 12, 35, 'ty', -2.45, 1, 0, 0, 0),
(571, 12, 35, 'tz', 6.7, 1, 0, 0, 0),
(572, 12, 35, 'ry', -140, 1, 0, 0, 0),
(573, 12, 36, 'tx', -11.899, 1, 0, 0, 0),
(574, 12, 36, 'ty', -2.45, 1, 0, 0, 0),
(575, 12, 36, 'tz', 2.3, 1, 0, 0, 0),
(576, 12, 36, 'ry', -70, 1, 0, 0, 0),
(577, 12, 37, 'tx', 12.201, 1, 0, 0, 0),
(578, 12, 37, 'ty', -2.45, 1, 0, 0, 0),
(579, 12, 37, 'tz', 3.3, 1, 0, 0, 0),
(580, 12, 37, 'ry', -126, 1, 0, 0, 0),
(581, 12, 38, 'tx', -17.2, 1, 0, 0, 0),
(582, 12, 38, 'ty', -2.5, 1, 0, 0, 0),
(583, 12, 38, 'tz', 11.3, 1, 0, 0, 0),
(584, 12, 38, 'ry', 0, 1, 0, 0, 0),
(585, 12, 40, 'tx', 1.67, 1, 0, 0, 0),
(586, 12, 40, 'ty', -2.79, 1, 0, 0, 0),
(587, 12, 40, 'tz', 7.5, 1, 0, 0, 0),
(588, 12, 40, 'ry', -87, 1, 0, 0, 0),
(597, 12, 44, 'Level', 0.2, 1, 0, 0, 0),
(598, 12, 44, 'Level2', 0, 1, 0, 0, 0),
(599, 12, 45, 'Level', 0.223, 1, 0, 0, 0),
(600, 12, 45, 'Level2', 0.229, 1, 0, 0, 0),
(660, 5, 39, 'tx', -0.02, 0, 0, 0, 0),
(661, 5, 39, 'ty', 0, 0, 0, 0, 0),
(662, 5, 39, 'tz', 6.3, 0, 0, 0, 0),
(663, 14, 39, 'tx', -12.72, 3, 0, 0, 0),
(664, 14, 39, 'ty', 0, 0, 0, 0, 0),
(665, 14, 39, 'tz', 6.3, 0, 0, 0, 0),
(670, 9, 32, 'tx', 7.442, 1, 0, 0, 0),
(671, 9, 32, 'ty', 0, 1, 0, 0, 0),
(672, 9, 32, 'tz', 11.528, 1, 0, 0, 0),
(673, 9, 32, 'ry', -25.063, 1, 0, 0, 0),
(674, 9, 30, 'tx', 6.978, 1, 0, 0, 0),
(675, 9, 30, 'ty', -2.287, 1, 0, 0, 0),
(676, 9, 30, 'tz', 11.217, 1, 0, 0, 0),
(677, 9, 30, 'ry', -121.398, 1, 0, 0, 0),
(678, 9, 31, 'tx', 10.976, 1, 0, 0, 0),
(679, 9, 31, 'ty', -2.449, 1, 0, 0, 0),
(680, 9, 31, 'tz', 8.527, 1, 0, 0, 0),
(681, 9, 31, 'ry', -150.969, 1, 0, 0, 0),
(686, 7, 30, 'tx', 6.978, 1, 0, 0, 0),
(687, 7, 30, 'ty', -2.287, 1, 0, 0, 0),
(688, 7, 30, 'tz', 11.217, 1, 0, 0, 0),
(689, 7, 30, 'ry', -121.398, 1, 0, 0, 0),
(690, 7, 31, 'tx', 10.976, 1, 0, 0, 0),
(691, 7, 31, 'ty', -2.449, 1, 0, 0, 0),
(692, 7, 31, 'tz', 8.527, 1, 0, 0, 0),
(693, 7, 31, 'ry', -150.969, 1, 0, 0, 0),
(694, 7, 32, 'tx', 7.442, 1, 0, 0, 0),
(695, 7, 32, 'ty', 0, 1, 0, 0, 0),
(696, 7, 32, 'tz', 11.528, 1, 0, 0, 0),
(697, 7, 32, 'ry', -25.063, 1, 0, 0, 0),
(698, 6, 39, 'tx', -0.02, 0, 0, 0, 0),
(699, 6, 39, 'ty', 0, 0, 0, 0, 0),
(700, 6, 39, 'tz', 6.3, 0, 0, 0, 0),
(701, 7, 39, 'tx', -0.02, 0, 0, 0, 0),
(702, 7, 39, 'ty', 0, 0, 0, 0, 0),
(703, 7, 39, 'tz', 6.3, 0, 0, 0, 0),
(704, 9, 39, 'tx', -0.02, 0, 0, 0, 0),
(705, 9, 39, 'ty', 0, 0, 0, 0, 0),
(706, 9, 39, 'tz', 6.3, 0, 0, 0, 0),
(707, 10, 39, 'tx', -0.02, 0, 0, 0, 0),
(708, 10, 39, 'ty', 0, 0, 0, 0, 0),
(709, 10, 39, 'tz', 6.3, 0, 0, 0, 0),
(710, 11, 39, 'tx', -0.02, 0, 0, 0, 0),
(711, 11, 39, 'ty', 0, 0, 0, 0, 0),
(712, 11, 39, 'tz', 6.3, 0, 0, 0, 0),
(713, 12, 39, 'tx', -0.02, 0, 0, 0, 0),
(714, 12, 39, 'ty', 0, 0, 0, 0, 0),
(715, 12, 39, 'tz', 6.3, 0, 0, 0, 0),
(723, 5, 30, 'tx', 6.978, 1, 0, 0, 0),
(724, 5, 30, 'ty', -2.287, 1, 0, 0, 0),
(725, 5, 30, 'tz', 11.217, 1, 0, 0, 0),
(726, 5, 30, 'ry', -121.398, 1, 0, 0, 0),
(727, 5, 31, 'tx', 10.976, 1, 0, 0, 0),
(728, 5, 31, 'ty', -2.449, 1, 0, 0, 0),
(729, 5, 31, 'tz', 8.527, 1, 0, 0, 0),
(730, 5, 31, 'ry', -150.969, 1, 0, 0, 0),
(731, 5, 32, 'tx', 7.442, 1, 0, 0, 0),
(732, 5, 32, 'ty', 0, 1, 0, 0, 0),
(733, 5, 32, 'tz', 11.528, 1, 0, 0, 0),
(734, 5, 32, 'ry', -25.063, 1, 0, 0, 0),
(735, 10, 42, 'Index', 2, 0, 0, 0, 0),
(736, 10, 42, 'Subindex', 0, 0, 0, 0, 0),
(749, 10, 30, 'tx', 6.978, 1, 0, 0, 0),
(750, 10, 30, 'ty', -2.287, 1, 0, 0, 0),
(751, 10, 30, 'tz', 11.217, 1, 0, 0, 0),
(752, 10, 30, 'ry', -121.398, 1, 0, 0, 0),
(761, 10, 31, 'tx', 0.176, 1, 0, 0, 0),
(762, 10, 31, 'ty', -2.449, 1, 0, 0, 0),
(763, 10, 31, 'tz', 12.127, 1, 0, 0, 0),
(764, 10, 31, 'ry', -234.969, 1, 0, 0, 0),
(765, 10, 32, 'tx', -1.558, 1, 0, 0, 0),
(766, 10, 32, 'ty', 0, 1, 0, 0, 0),
(767, 10, 32, 'tz', 13.128, 1, 0, 0, 0),
(768, 10, 32, 'ry', -79.063, 1, 0, 0, 0),
(769, 10, 38, 'tx', -17.2, 1, 0, 0, 0),
(770, 10, 38, 'ty', -2.5, 1, 0, 0, 0),
(771, 10, 38, 'tz', 11.3, 1, 0, 0, 0),
(772, 10, 38, 'ry', 0, 1, 0, 0, 0),
(773, 12, 43, 'Index', 0, 1, 0, 0, 0),
(774, 12, 43, 'Subindex', 0, 1, 0, 0, 0),
(791, 12, 41, 'tx', 1.67, 1, 0, 0, 0),
(792, 12, 41, 'ty', -2.47, 1, 0, 0, 0),
(793, 12, 41, 'tz', 7.8, 1, 0, 0, 0),
(794, 12, 41, 'ry', -87, 1, 0, 0, 0),
(795, 11, 41, 'tx', 1.67, 1, 0, 0, 0),
(796, 11, 41, 'ty', -2.47, 1, 0, 0, 0),
(797, 11, 41, 'tz', 7.8, 1, 0, 0, 0),
(798, 11, 41, 'ry', -87, 1, 0, 0, 0),
(806, 12, 32, 'tx', 3.142, 1, 0, 0, 0),
(807, 12, 32, 'ty', 0, 1, 0, 0, 0),
(808, 12, 32, 'tz', 13.128, 1, 0, 0, 0),
(809, 12, 32, 'ry', 46.937, 1, 0, 0, 0),
(810, 12, 31, 'tx', 0.176, 1, 0, 0, 0),
(811, 12, 31, 'ty', -2.449, 1, 0, 0, 0),
(812, 12, 31, 'tz', 13.627, 1, 0, 0, 0),
(813, 12, 31, 'ry', -52.969, 1, 0, 0, 0),
(814, 12, 30, 'tx', 1.878, 1, 0, 0, 0),
(815, 12, 30, 'ty', -2.287, 1, 0, 0, 0),
(816, 12, 30, 'tz', 8.317, 1, 0, 0, 0),
(817, 12, 30, 'ry', -86.398, 1, 0, 0, 0),
(818, 12, 42, 'Index', 2, 0, 0, 0, 0),
(819, 12, 42, 'Subindex', 0, 0, 0, 0, 0),
(820, 13, 26, 'Index', 0, 1, 0, 0, 0),
(821, 13, 27, 'Index', 0, 1, 0, 0, 0),
(822, 13, 28, 'Index', 0, 1, 0, 0, 0),
(847, 13, 35, 'tx', 11.801, 1, 0, 0, 0),
(848, 13, 35, 'ty', -2.45, 1, 0, 0, 0),
(849, 13, 35, 'tz', 6.7, 1, 0, 0, 0),
(850, 13, 35, 'ry', -140, 1, 0, 0, 0),
(851, 13, 36, 'tx', -11.899, 1, 0, 0, 0),
(852, 13, 36, 'ty', -2.45, 1, 0, 0, 0),
(853, 13, 36, 'tz', 2.3, 1, 0, 0, 0),
(854, 13, 36, 'ry', -70, 1, 0, 0, 0),
(855, 13, 37, 'tx', 12.201, 1, 0, 0, 0),
(856, 13, 37, 'ty', -2.45, 1, 0, 0, 0),
(857, 13, 37, 'tz', 3.3, 1, 0, 0, 0),
(858, 13, 37, 'ry', -126, 1, 0, 0, 0),
(863, 13, 39, 'tx', -0.02, 0, 0, 0, 0),
(864, 13, 39, 'ty', 0, 0, 0, 0, 0),
(865, 13, 39, 'tz', 6.3, 0, 0, 0, 0),
(866, 13, 40, 'tx', 1.67, 1, 0, 0, 0),
(867, 13, 40, 'ty', -2.71, 1, 0, 0, 0),
(868, 13, 40, 'tz', 7.5, 1, 0, 0, 0),
(869, 13, 40, 'ry', -87, 1, 0, 0, 0),
(870, 13, 41, 'tx', 1.67, 1, 0, 0, 0),
(871, 13, 41, 'ty', -2.47, 1, 0, 0, 0),
(872, 13, 41, 'tz', 7.8, 1, 0, 0, 0),
(873, 13, 41, 'ry', -87, 1, 0, 0, 0),
(874, 13, 42, 'Index', 4, 0, 0, 0, 0),
(875, 13, 42, 'Subindex', 0, 0, 0, 0, 0),
(876, 13, 43, 'Index', 0, 1, 0, 0, 0),
(877, 13, 43, 'Subindex', 0, 1, 0, 0, 0),
(878, 13, 44, 'Level', 0.2, 1, 0, 0, 0),
(879, 13, 44, 'Level2', 0, 1, 0, 0, 0),
(880, 13, 45, 'Level', 0.223, 1, 0, 0, 0),
(881, 13, 45, 'Level2', 0.229, 1, 0, 0, 0),
(882, 13, 38, 'tx', 2, 1, 0, 0, 0),
(883, 13, 38, 'ty', -2.5, 1, 0, 0, 0),
(884, 13, 38, 'tz', 11.3, 1, 0, 0, 0),
(885, 13, 38, 'ry', 70, 1, 0, 0, 0),
(886, 11, 34, 'tx', 8.801, 1, 0, 0, 0),
(887, 11, 34, 'ty', -2.45, 1, 0, 0, 0),
(888, 11, 34, 'tz', 8.4, 1, 0, 0, 0),
(889, 11, 34, 'ry', -73, 1, 0, 0, 0),
(894, 11, 31, 'tx', 4.076, 1, 0, 0, 0),
(895, 11, 31, 'ty', -2.449, 1, 0, 0, 0),
(896, 11, 31, 'tz', 12.327, 1, 0, 0, 0),
(897, 11, 31, 'ry', 104.031, 1, 0, 0, 0),
(898, 11, 32, 'tx', -0.058, 1, 0, 0, 0),
(899, 11, 32, 'ty', 0, 1, 0, 0, 0),
(900, 11, 32, 'tz', 9.528, 1, 0, 0, 0),
(901, 11, 32, 'ry', -140.063, 1, 0, 0, 0),
(902, 11, 30, 'tx', 0.978, 1, 0, 0, 0),
(903, 11, 30, 'ty', -2.287, 1, 0, 0, 0),
(904, 11, 30, 'tz', 13.317, 1, 0, 0, 0),
(905, 11, 30, 'ry', 46.602, 1, 0, 0, 0),
(910, 13, 33, 'tx', -10.599, 1, 0, 0, 0),
(911, 13, 33, 'ty', -2.45, 1, 0, 0, 0),
(912, 13, 33, 'tz', 7.5, 1, 0, 0, 0),
(913, 13, 33, 'ry', 83, 1, 0, 0, 0),
(914, 13, 34, 'tx', 8.101, 1, 0, 0, 0),
(915, 13, 34, 'ty', -2.45, 1, 0, 0, 0),
(916, 13, 34, 'tz', 8.4, 1, 0, 0, 0),
(917, 13, 34, 'ry', -73, 1, 0, 0, 0),
(918, 13, 29, 'tx', 2.884, 1, 0, 0, 0),
(919, 13, 29, 'ty', -1.749, 1, 0, 0, 0),
(920, 13, 29, 'tz', 12.051, 1, 0, 0, 0),
(921, 13, 29, 'ry', 65.436, 1, 0, 0, 0),
(922, 13, 29, 'rx', -84, 1, 0, 0, 0),
(923, 13, 29, 'rz', 0, 1, 0, 0, 0),
(925, 11, 29, 'tx', 1.884, 1, 0, 0, 0),
(926, 11, 29, 'ty', -2.449, 1, 0, 0, 0),
(927, 11, 29, 'tz', 9.351, 1, 0, 0, 0),
(928, 11, 29, 'ry', 20.436, 1, 0, 0, 0),
(929, 11, 29, 'rx', 0, 1, 0, 0, 0),
(930, 11, 29, 'rz', 0, 1, 0, 0, 0),
(931, 12, 29, 'tx', -6.516, 1, 0, 0, 0),
(932, 12, 29, 'ty', -2.449, 1, 0, 0, 0),
(933, 12, 29, 'tz', 13.151, 1, 0, 0, 0),
(934, 12, 29, 'ry', -84.564, 1, 0, 0, 0),
(935, 12, 29, 'rx', 0, 0, 0, 0, 0),
(936, 12, 29, 'rz', 0, 1, 0, 0, 0),
(937, 10, 29, 'tx', -6.516, 1, 0, 0, 0),
(938, 10, 29, 'ty', -2.449, 1, 0, 0, 0),
(939, 10, 29, 'tz', 13.151, 1, 0, 0, 0),
(940, 10, 29, 'ry', -84.564, 1, 0, 0, 0),
(941, 10, 29, 'rx', 0, 0, 0, 0, 0),
(942, 10, 29, 'rz', 0, 0, 0, 0, 0),
(943, 9, 29, 'tx', -6.516, 1, 0, 0, 0),
(944, 9, 29, 'ty', -2.449, 1, 0, 0, 0),
(945, 9, 29, 'tz', 13.151, 1, 0, 0, 0),
(946, 9, 29, 'ry', -84.564, 1, 0, 0, 0),
(947, 9, 29, 'rx', 0, 0, 0, 0, 0),
(948, 9, 29, 'rz', 0, 0, 0, 0, 0),
(949, 7, 29, 'tx', -6.516, 1, 0, 0, 0),
(950, 7, 29, 'ty', -2.449, 1, 0, 0, 0),
(951, 7, 29, 'tz', 13.151, 1, 0, 0, 0),
(952, 7, 29, 'ry', -84.564, 1, 0, 0, 0),
(953, 7, 29, 'rx', 0, 0, 0, 0, 0),
(954, 7, 29, 'rz', 0, 0, 0, 0, 0),
(955, 6, 29, 'tx', -0.616, 1, 0, 0, 0),
(956, 6, 29, 'ty', -2.449, 1, 0, 0, 0),
(957, 6, 29, 'tz', 13.151, 1, 0, 0, 0),
(958, 6, 29, 'ry', -84.564, 1, 0, 0, 0),
(959, 6, 29, 'rx', 0, 0, 0, 0, 0),
(960, 6, 29, 'rz', 0, 0, 0, 0, 0),
(961, 5, 29, 'tx', -6.516, 1, 0, 0, 0),
(962, 5, 29, 'ty', -2.449, 1, 0, 0, 0),
(963, 5, 29, 'tz', 13.151, 1, 0, 0, 0),
(964, 5, 29, 'ry', -84.564, 1, 0, 0, 0),
(965, 5, 29, 'rx', 0, 0, 0, 0, 0),
(966, 5, 29, 'rz', 0, 0, 0, 0, 0),
(967, 13, 32, 'tx', -0.258, 1, 0, 0, 0),
(968, 13, 32, 'ty', 0, 1, 0, 0, 0),
(969, 13, 32, 'tz', 10.828, 1, 0, 0, 0),
(970, 13, 32, 'ry', -84.063, 1, 0, 0, 0),
(971, 13, 30, 'tx', 0.878, 1, 0, 0, 0),
(972, 13, 30, 'ty', -2.287, 1, 0, 0, 0),
(973, 13, 30, 'tz', 13.117, 1, 0, 0, 0),
(974, 13, 30, 'ry', 46.602, 1, 0, 0, 0),
(975, 13, 31, 'tx', 3.576, 1, 0, 0, 0),
(976, 13, 31, 'ty', -2.449, 1, 0, 0, 0),
(977, 13, 31, 'tz', 12.427, 1, 0, 0, 0),
(978, 13, 31, 'ry', 69.031, 1, 0, 0, 0),
(980, 14, 42, 'Index', 5, 0, 0, 0, 0);

-- --------------------------------------------------------

--
-- Структура таблицы `fixture`
--

DROP TABLE IF EXISTS `fixture`;
CREATE TABLE `fixture` (
  `id` bigint(20) UNSIGNED NOT NULL,
  `order` float DEFAULT 999,
  `name` varchar(255) DEFAULT NULL,
  `global_object_location` varchar(255) NOT NULL,
  `type` int(11) DEFAULT 0,
  `is_enabled` int(1) NOT NULL DEFAULT 1
) ENGINE=InnoDB DEFAULT CHARSET=utf8mb4;

--
-- Дамп данных таблицы `fixture`
--

INSERT INTO `fixture` (`id`, `order`, `name`, `global_object_location`, `type`, `is_enabled`) VALUES
(26, 999, 'net1', '/project1/MESH_SCREENS/net1', 0, 1),
(27, 999, 'net2', '/project1/MESH_SCREENS/net2', 0, 1),
(28, 999, 'net3', '/project1/MESH_SCREENS/net3', 0, 1),
(29, 10, 'Хари', '/project1/ACTORS/HARI', 0, 1),
(30, 20, 'Крис', '/project1/ACTORS/KRIS', 0, 1),
(31, 30, 'SNAUT', '/project1/ACTORS/SNAUT', 0, 1),
(32, 40, 'STRATTORIUS', '/project1/ACTORS/STRATTORIUS', 0, 1),
(33, 50, 'GIRLX', '/project1/ACTORS/GIRLX', 0, 1),
(34, 60, 'GIRLY', '/project1/ACTORS/GIRLY', 0, 1),
(35, 70, 'GIRLZ', '/project1/ACTORS/GIRLZ', 0, 1),
(36, 80, 'ZOMBIE', '/project1/ACTORS/ZOMBIE', 0, 1),
(37, 90, 'NIGHTSHADE', '/project1/ACTORS/NIGHTSHADE', 0, 1),
(38, 100, 'NOSILKI', '/project1/SCENOGRAPHY/NOSILKI', 0, 1),
(39, 110, 'STENA_1', '/project1/SCENOGRAPHY/STENA_1', 0, 1),
(40, 120, 'LIFT1', '/project1/SCENOGRAPHY/LIFT1', 0, 1),
(41, 130, 'LIFT', '/project1/SCENOGRAPHY/LIFT', 0, 1),
(42, 1, 'VideoProjectorContent', '/project1/VideoProjectorContent', 0, 1),
(43, 2, 'LASER_GEO', '/project1/LASER_GEO', 0, 1),
(44, 3, 'GlobalLights', '/project1/GlobalLights', 0, 1),
(45, 4, 'LocalLights', '/project1/LocalLights', 0, 1);

-- --------------------------------------------------------

--
-- Структура таблицы `fixture_float_data`
--

DROP TABLE IF EXISTS `fixture_float_data`;
CREATE TABLE `fixture_float_data` (
  `id` bigint(20) UNSIGNED NOT NULL,
  `id_fixture` bigint(20) UNSIGNED NOT NULL,
  `par_name` varchar(255) NOT NULL,
  `default_value` float NOT NULL DEFAULT 0,
  `fade_default` float NOT NULL DEFAULT 1,
  `delay_default` float NOT NULL DEFAULT 0,
  `is_enabled` int(1) DEFAULT 1
) ENGINE=InnoDB DEFAULT CHARSET=utf8mb4;

--
-- Дамп данных таблицы `fixture_float_data`
--

INSERT INTO `fixture_float_data` (`id`, `id_fixture`, `par_name`, `default_value`, `fade_default`, `delay_default`, `is_enabled`) VALUES
(33, 29, 'tx', 1.38567, 1, 0, 1),
(34, 29, 'ty', -2.44932, 1, 0, 1),
(35, 29, 'tz', 8.4543, 1, 0, 1),
(36, 29, 'ry', -3.714, 1, 0, 1),
(37, 30, 'tx', 0.1992, 1, 0, 1),
(38, 30, 'ty', -2.28705, 1, 0, 1),
(39, 30, 'tz', 16.0682, 1, 0, 1),
(40, 30, 'ry', 7.962, 1, 0, 1),
(41, 31, 'tx', 1.77584, 1, 0, 1),
(42, 31, 'ty', -2.44932, 1, 0, 1),
(43, 31, 'tz', 14.7644, 1, 0, 1),
(44, 31, 'ry', -13.909, 1, 0, 1),
(45, 32, 'tx', -0.55077, 1, 0, 1),
(46, 32, 'ty', 0, 1, 0, 1),
(47, 32, 'tz', 13.3764, 1, 0, 1),
(48, 32, 'ry', -70.493, 1, 0, 1),
(49, 33, 'tx', -10.5994, 1, 0, 1),
(50, 33, 'ty', -2.45, 1, 0, 1),
(51, 33, 'tz', 7.5, 1, 0, 1),
(52, 33, 'ry', 83, 1, 0, 1),
(53, 34, 'tx', -10.5994, 1, 0, 1),
(54, 34, 'ty', -2.45, 1, 0, 1),
(55, 34, 'tz', 10.4, 1, 0, 1),
(56, 34, 'ry', 0, 1, 0, 1),
(57, 35, 'tx', 11.8006, 1, 0, 1),
(58, 35, 'ty', -2.45, 1, 0, 1),
(59, 35, 'tz', 6.7, 1, 0, 1),
(60, 35, 'ry', -140, 1, 0, 1),
(61, 36, 'tx', -11.8994, 1, 0, 1),
(62, 36, 'ty', -2.45, 1, 0, 1),
(63, 36, 'tz', 2.3, 1, 0, 1),
(64, 36, 'ry', -70, 1, 0, 1),
(65, 37, 'tx', 12.2006, 1, 0, 1),
(66, 37, 'ty', -2.45, 1, 0, 1),
(67, 37, 'tz', 3.3, 1, 0, 1),
(68, 37, 'ry', -126, 1, 0, 1),
(69, 26, 'Index', 0, 1, 0, 1),
(70, 27, 'Index', 0, 1, 0, 1),
(71, 28, 'Index', 0, 1, 0, 1),
(72, 38, 'tx', -1.8, 1, 0, 1),
(73, 38, 'ty', -2.5, 1, 0, 1),
(74, 38, 'tz', 13.3713, 1, 0, 1),
(75, 38, 'ry', 44.121, 1, 0, 1),
(76, 40, 'tx', 1.67, 1, 0, 1),
(77, 40, 'ty', -2.6116, 1, 0, 1),
(78, 40, 'tz', 7.5, 1, 0, 1),
(79, 40, 'ry', -87, 1, 0, 1),
(80, 41, 'tx', 1.67, 1, 0, 1),
(81, 41, 'ty', -2.47, 1, 0, 1),
(82, 41, 'tz', 7.8, 1, 0, 1),
(83, 41, 'ry', -87, 1, 0, 1),
(84, 42, 'Index', 0, 1, 0, 1),
(85, 43, 'Index', 0, 1, 0, 1),
(86, 43, 'Subindex', 0, 1, 0, 1),
(87, 42, 'Subindex', 0, 1, 0, 1),
(88, 44, 'Level', 0.2, 1, 0, 1),
(89, 44, 'Level2', 0, 1, 0, 1),
(90, 45, 'Level', 0.223, 1, 0, 1),
(91, 45, 'Level2', 0.229, 1, 0, 1),
(92, 39, 'tx', -10, 1, 0, 1),
(93, 39, 'ty', 0, 1, 0, 1),
(94, 39, 'tz', 6.3, 1, 0, 1),
(95, 29, 'rx', 0, 1, 0, 1),
(96, 29, 'rz', 0, 1, 0, 1);

--
-- Индексы сохранённых таблиц
--

--
-- Индексы таблицы `cue`
--
ALTER TABLE `cue`
  ADD PRIMARY KEY (`id`),
  ADD KEY `order` (`order`);

--
-- Индексы таблицы `cue_float_data`
--
ALTER TABLE `cue_float_data`
  ADD PRIMARY KEY (`id`),
  ADD UNIQUE KEY `id` (`id`),
  ADD UNIQUE KEY `Unique_index` (`id_cue`,`id_fixture`,`par_name`),
  ADD KEY `id_fixture` (`id_fixture`) USING BTREE,
  ADD KEY `par_name` (`par_name`) USING BTREE,
  ADD KEY `id_cue` (`id_cue`) USING BTREE;

--
-- Индексы таблицы `fixture`
--
ALTER TABLE `fixture`
  ADD PRIMARY KEY (`id`),
  ADD UNIQUE KEY `device_path` (`global_object_location`) USING BTREE;

--
-- Индексы таблицы `fixture_float_data`
--
ALTER TABLE `fixture_float_data`
  ADD PRIMARY KEY (`id`),
  ADD UNIQUE KEY `id` (`id`),
  ADD KEY `id_fixture` (`id_fixture`);

--
-- AUTO_INCREMENT для сохранённых таблиц
--

--
-- AUTO_INCREMENT для таблицы `cue`
--
ALTER TABLE `cue`
  MODIFY `id` bigint(20) UNSIGNED NOT NULL AUTO_INCREMENT, AUTO_INCREMENT=22;

--
-- AUTO_INCREMENT для таблицы `cue_float_data`
--
ALTER TABLE `cue_float_data`
  MODIFY `id` bigint(20) UNSIGNED NOT NULL AUTO_INCREMENT, AUTO_INCREMENT=981;

--
-- AUTO_INCREMENT для таблицы `fixture`
--
ALTER TABLE `fixture`
  MODIFY `id` bigint(20) UNSIGNED NOT NULL AUTO_INCREMENT, AUTO_INCREMENT=46;

--
-- AUTO_INCREMENT для таблицы `fixture_float_data`
--
ALTER TABLE `fixture_float_data`
  MODIFY `id` bigint(20) UNSIGNED NOT NULL AUTO_INCREMENT, AUTO_INCREMENT=97;
COMMIT;

/*!40101 SET CHARACTER_SET_CLIENT=@OLD_CHARACTER_SET_CLIENT */;
/*!40101 SET CHARACTER_SET_RESULTS=@OLD_CHARACTER_SET_RESULTS */;
/*!40101 SET COLLATION_CONNECTION=@OLD_COLLATION_CONNECTION */;
